,키,분류,명칭,주소,행정 시,행정 구,행정 동,X 좌표,Y 좌표
0,BE_IW10-0474,문화재유산|문화재구분|가옥,해공 신익희 가옥,서울특별시 종로구 효자동 164-2,서울특별시,종로구,청운효자동,126.9723239,37.5819933
1,BE_IW10-0475,문화재유산|문화재구분|가옥,원서동 백홍범 가옥,서울특별시 종로구 원서동 9-5,서울특별시,종로구,가회동,126.988488,37.5837108
2,BE_IW10-0499,문화재유산|문화재구분|누정,백사 이항복 집터(필운대),서울특별시 종로구 필운동 산1-2,서울특별시,종로구,사직동,126.9663079,37.5781153
3,BE_IW10-0527,문화재유산|문화재구분|예술가의집,"한용운(韓龍雲, 1879-1944)家",서울특별시 종로구 계동 43,서울특별시,종로구,가회동,126.9870346,37.5815152
4,BE_IW10-0500,문화재유산|문화재구분|누정,세검정 터,서울특별시 종로구 신영동 168-6,서울특별시,종로구,부암동,126.9602738,37.6008165
5,BE_IW10-0501,문화재유산|문화재구분|누정,보신각 터,서울특별시 종로구 관철동 45-5,서울특별시,종로구,종로1.2.3.4가동,126.9835841,37.5698422
6,BE_IW10-0502,문화재유산|문화재구분|누정,황학정,서울특별시 종로구 사직동 산1-1,서울특별시,종로구,사직동,126.9685375,37.5764899
7,BE_IW10-0503,문화재유산|문화재구분|누정,안평대군 이용 집터,서울특별시 종로구 부암동 319-4,서울특별시,종로구,부암동,126.9628406,37.5916177
8,BE_IW10-0504,문화재유산|문화재구분|누정,침류각,서울특별시 종로구 세종로 1,서울특별시,종로구,청운효자동,126.9767743,37.5866061
9,BE_IW10-0514,문화재유산|문화재구분|예술가의집,시인 윤동주가 하숙하던 집,종로구 누상동 9번지,서울특별시,종로구,청운효자동,126.9656793,37.5814513
10,BE_IW10-0515,문화재유산|문화재구분|예술가의집,우리시대' 불꽃'과' 비수'의 시인 김수영 생가,서울특별시 종로구 종로2가 158번지,서울특별시,종로구,종로1.2.3.4가동,126.9847482,37.5688039
11,BE_IW10-0517,문화재유산|문화재구분|예술가의집,"박인환(朴寅煥, 1926-1956)家",서울특별시 종로구 원서동 134-8,서울특별시,종로구,가회동,126.9888131,37.5797298
12,BE_IW10-0518,문화재유산|문화재구분|예술가의집,고향 정지용의 집,서울특별시 종로구 재동 44번지,서울특별시,종로구,가회동,126.9852823,37.5790115
13,BE_IW10-0519,문화재유산|문화재구분|예술가의집,"김성수 (金性洙, 1891-1955)家",서울특별시 종로구 계동 132-1,서울특별시,종로구,가회동,126.9872551,37.5809038
14,BE_IW10-0520,문화재유산|문화재구분|예술가의집,동백꽃 김유정의 집,서울특별시 종로구 사직동 227번지,서울특별시,종로구,사직동,126.9675984,37.5747602
15,BE_IW10-0521,문화재유산|문화재구분|예술가의집,"이광수 (李光洙, 1892-1950)家",서울특별시 종로구 홍지동 40,서울특별시,종로구,부암동,126.9560406,37.6002694
16,BE_IW10-0522,문화재유산|문화재구분|예술가의집,모더니즘 시인 김기림,서울특별시 종로구 이화동 196번지,서울특별시,종로구,이화동,127.0021671,37.5754324
17,BE_IW10-0523,문화재유산|문화재구분|예술가의집,"고희동(高羲東, 1886-1965)家",서울특별시 종로구 원서동 16,서울특별시,종로구,가회동,126.9889583,37.5831391
18,BE_IW10-0524,문화재유산|문화재구분|예술가의집,마해송(馬海松 1905-1966)家,서울특별시 종로구 명륜3가 143-3,서울특별시,종로구,혜화동,126.9976368,37.583196
19,BE_IW10-0525,문화재유산|문화재구분|예술가의집,"박종화 (朴鐘和, 1901-1981)家",서울특별시 종로구 평창동 128-1,서울특별시,종로구,평창동,126.9673329,37.6122517
20,BE_IW10-0526,문화재유산|문화재구분|예술가의집,간송 전형필 생가,서울특별시 종로구 종로4가 112번지,서울특별시,종로구,종로1.2.3.4가동,126.9902999,37.570077
21,BE_IW10-0505,문화재유산|문화재구분|누정,석파정,서울특별시 종로구 부암동 산16-1,서울특별시,종로구,부암동,126.9738314,37.5961355
22,BE_IW10-0506,문화재유산|문화재구분|누정,탑골공원 팔각정,서울특별시 종로구 종로2가 38-1,서울특별시,종로구,종로1.2.3.4가동,126.988348,37.571206
23,BE_IW10-0507,문화재유산|문화재구분|관청,기기국 번사창,서울특별시 종로구 삼청동 28-1,서울특별시,종로구,삼청동,126.9827091,37.5861164
24,BE_IW10-0508,문화재유산|문화재구분|관청,서울 우정총국,서울특별시 종로구 견지동 39-7,서울특별시,종로구,종로1.2.3.4가동,126.9826182,37.5744559
25,BE_IW10-0509,문화재유산|문화재구분|관청,종친부 경근당과 옥첩당,"서울특별시 종로구 화동 2, 가회동 105",서울특별시,종로구,삼청동,126.9831241,37.5807844
26,BE_IW10-0510,문화재유산|문화재구분|관청,종친부 터 우물,서울특별시 종로구 소격동 165,서울특별시,종로구,삼청동,126.9805749,37.5795174
27,BE_IW10-0511,문화재유산|문화재구분|집터,정업원 터,서울특별시 종로구 숭인동 산3,서울특별시,종로구,숭인1동,127.0162555,37.5796166
28,BE_IW10-0512,문화재유산|문화재구분|집터,서울 경모궁지(景慕宮址),서울특별시 종로구 연건동 28-2,서울특별시,종로구,이화동,127.0006005,37.5805685
29,BE_IW10-0513,문화재유산|문화재구분|집터,우암 송시열 집터,서울특별시 종로구 명륜1가 5-99,서울특별시,종로구,혜화동,126.996944,37.5907127
30,BE_IW10-0476,문화재유산|문화재구분|가옥,혜화동 김상협 가옥,서울특별시 종로구 혜화동 15-139,서울특별시,종로구,혜화동,127.0013976,37.5895801
31,BE_IW10-0477,문화재유산|문화재구분|가옥,안국동 윤보선가,서울특별시 종로구 안국동 8-1,서울특별시,종로구,삼청동,126.9837587,37.5790018
32,BE_IW10-0478,문화재유산|문화재구분|가옥,서울 계동 근대 한옥,서울특별시 종로구 계동 105,서울특별시,종로구,가회동,126.9864295,37.5790692
33,BE_IW10-0479,문화재유산|문화재구분|가옥,서울 계동 배렴 가옥,서울특별시 종로구 계동 72,서울특별시,종로구,가회동,126.9866095,37.5813154
34,BE_IW10-0480,문화재유산|문화재구분|가옥,옥인동 박노수 가옥,서울특별시 종로구 옥인동 168-2,서울특별시,종로구,청운효자동,126.9667572,37.5813721
35,BE_IW10-0481,문화재유산|문화재구분|가옥,운니동 김승현 가옥 (운현궁 영로당),서울특별시 종로구 운니동 114-32,서울특별시,종로구,종로1.2.3.4가동,126.9866426,37.5764528
36,BE_IW10-0482,문화재유산|문화재구분|가옥,반계 윤웅렬 별장,서울특별시 종로구 부암동 348,서울특별시,종로구,부암동,126.9621504,37.590248
37,BE_IW10-0483,문화재유산|문화재구분|가옥,서울 홍지동 이광수 별장 터,서울특별시 종로구 홍지동 40,서울특별시,종로구,부암동,126.9560406,37.6002694
38,BE_IW10-0484,문화재유산|문화재구분|가옥,서울 평창동 박종화 가옥,서울특별시 종로구 평창동 128-1,서울특별시,종로구,평창동,126.9673329,37.6122517
39,BE_IW10-0485,문화재유산|문화재구분|가옥,서울 명륜동 장면 가옥,서울특별시 종로구 명륜동 36-1,서울특별시,종로구,종로1.2.3.4가동,126.979642,37.573033
40,BE_IW10-0486,문화재유산|문화재구분|가옥,서울 누하동 이상범 가옥과 화실,"서울특별시 종로구 누하동 178,181",서울특별시,종로구,청운효자동,126.9684084,37.5788517
41,BE_IW10-0487,문화재유산|문화재구분|가옥,서울 원서동 고희동 가옥,서울특별시 종로구 원서동 16,서울특별시,종로구,가회동,126.9889583,37.5831391
42,BE_IW10-0488,문화재유산|문화재구분|가옥,서울 홍파동 홍난파 가옥,서울특별시 종로구 홍파동 2-16,서울특별시,종로구,교남동,126.9651141,37.5716567
43,BE_IW10-0489,문화재유산|문화재구분|가옥,서울 이화장,서울특별시 종로구 이화동 1번지 등,서울특별시,종로구,이화동,127.0064395,37.5783498
44,BE_IW10-0490,문화재유산|문화재구분|가옥,가회동 이준구 가옥,서울특별시 종로구 가회동 31-1,서울특별시,종로구,가회동,126.9837718,37.5836876
45,BE_IW10-0491,문화재유산|문화재구분|가옥,체부동 홍종문 가옥,서울특별시 종로구 체부동 158,서울특별시,종로구,사직동,126.9701009,37.5775321
46,BE_IW10-0492,문화재유산|문화재구분|가옥,경운동 민병옥 가옥,서울특별시 종로구 경운동 66-7,서울특별시,종로구,종로1.2.3.4가동,126.9859435,37.5747066
47,BE_IW10-0493,문화재유산|문화재구분|가옥,가회동 김형태 가옥,서울특별시 종로구 가회동 16-8,서울특별시,종로구,가회동,126.9849052,37.5829296
48,BE_IW10-0494,문화재유산|문화재구분|가옥,가회동 한씨 가옥,서울특별시 종로구 가회동 178,서울특별시,종로구,가회동,126.98572,37.5808485
49,BE_IW10-0495,문화재유산|문화재구분|가옥,가회동 백인제 가옥,서울특별시 종로구 가회동 93-1,서울특별시,종로구,가회동,126.9841689,37.580804
50,BE_IW10-0496,문화재유산|문화재구분|누정,석파정 별당,서울특별시 종로구 홍지동 125,서울특별시,종로구,부암동,126.9586308,37.5992338
51,BE_IW10-0497,문화재유산|문화재구분|누정,오운정,서울특별시 종로구 세종로 1,서울특별시,종로구,청운효자동,126.9767743,37.5866061
52,BE_IW10-0498,문화재유산|문화재구분|누정,종친부터우물,서울특별시 종로고 소격동 165,서울특별시,종로구,삼청동,126.978388,37.56661
53,BE_IW10-0451,문화재유산|문화재구분|문묘,서울 문묘와 성균관,서울특별시 종로구 명륜동3가 53,서울특별시,종로구,삼청동,126.9957415,37.5858106
54,BE_IW10-0452,문화재유산|문화재구분|문묘,숭보사,서울특별시 종로구 명륜동 3가 15-3,서울특별시,종로구,혜화동,126.9963338,37.5865853
60,BE_IW10-0916,장소/위치|종로여행,김종영미술관,서울시 종로구 평창동 114-8,서울특별시,종로구,평창동,126.9776575,37.6130429
61,BE_IW10-0917,장소/위치|종로여행,키미아트,서울시 종로구 평창동 479-2,서울특별시,종로구,평창동,126.9743334,37.6129684
62,BE_IW10-0918,장소/위치|종로여행,영인문학관,서울시 종로구 평창동 499-3,서울특별시,종로구,평창동,126.9717407,37.6119149
63,BE_IW10-0919,장소/위치|종로여행,화정박물관,서울특별시 종로구 평창동 273-1,서울특별시,종로구,평창동,126.9659835,37.6046315
64,BE_IW10-0920,장소/위치|종로여행,세종이야기?충무공이야기,서울시 종로구 세종로 81-3,서울특별시,종로구,사직동,126.9760754,37.5722306
65,BE_IW10-0921,장소/위치|종로여행,대한민국역사박물관,서울시 종로구 세종로 82-1,서울특별시,종로구,사직동,126.9779223,37.5739219
66,BE_IW10-0922,장소/위치|종로여행,대림미술관,서울시 종로구 통의동 35-1,서울특별시,종로구,사직동,126.9733074,37.5774958
69,BE_IW10-0925,장소/위치|종로여행,상명대학교 박물관,서울특별시 종로구 평창동 577-7 B동,서울특별시,종로구,평창동,126.975966,37.6105555
70,BE_IW10-0926,장소/위치|종로여행,가나아트센터,서울시 종로구 평창동 97,서울특별시,종로구,평창동,126.9751895,37.612236
71,BE_IW10-0927,장소/위치|종로여행,토탈미술관,서울특별시 종로구 평창동 465-16,서울특별시,종로구,평창동,126.9757439,37.6121142
76,BE_IW10-0912,장소/위치|종로여행,경찰박물관,서울시 종로구 신문로2가 58,서울특별시,종로구,사직동,126.9696697,37.5690134
77,BE_IW10-0913,장소/위치|종로여행,서울역사박물관,서울시 종로구 신문로2가 2-1,서울특별시,종로구,사직동,126.9688348,37.5707649
84,BE_IW10-0248,장소/위치|시설|민간시설|공연장,청아소극장,서울시 종로구 혜화동 195,서울특별시,종로구,혜화동,127.0026068,37.5839943
87,BE_IW10-0400,문화재유산,서울 동관왕묘,서울특별시 종로구 숭인동 238-1,서울특별시,종로구,숭인2동,127.0183336,37.57298
88,BE_IW10-0401,문화재유산,안양암 마애관음보살좌상,서울특별시 종로구 창신동 130-1,서울특별시,종로구,창신1동,127.0133571,37.5754539
92,BE_IW10-0388,문화재유산,창덕궁 희정당 금강산만물초승경도,서울특별시 종로구 와룡동 2-71,서울특별시,종로구,종로1.2.3.4가동,126.9913206,37.5827758
93,BE_IW10-0389,문화재유산,창덕궁 경훈각 삼선관파도,서울특별시 종로구 와룡동 2-71,서울특별시,종로구,종로1.2.3.4가동,126.9913206,37.5827758
94,BE_IW10-0390,문화재유산,창덕궁 경훈각 조일선관도,서울특별시 종로구 와룡동 2-71,서울특별시,종로구,종로1.2.3.4가동,126.9913206,37.5827758
95,BE_IW10-0391,문화재유산,서울 탑골공원,종로2가 38-1,서울특별시,종로구,종로1.2.3.4가동,126.988348,37.571206
96,BE_IW10-0392,문화재유산,서울 지장암 목조비로자나불좌상,창신동 626-3,서울특별시,종로구,창신2동,127.0087852,37.5776552
97,BE_IW10-0393,문화재유산,서울 부암동 백석동천,서울 종로구 부암동 115,서울특별시,종로구,부암동,126.9663345,37.6004294
101,BE_IW10-0397,문화재유산,서울 백악산 일원,서울 종로구 청운동 산2-27,서울특별시,종로구,청운효자동,126.965862,37.584838
102,BE_IW10-0398,문화재유산,석불좌상,서울특별시 종로구 세종로 1 ,서울특별시,종로구,청운효자동,126.9767743,37.5866061
103,BE_IW10-0399,문화재유산,창덕궁 대조전 백학도,서울특별시 종로구 와룡동 2-71,서울특별시,종로구,종로1.2.3.4가동,126.9913206,37.5827758
104,BE_IW10-0402,문화재유산|문화재구분,"서울 청계천 유적[광통교지,수표교지,오간수문지]",관철동 일반 270-1,서울특별시,종로구,종로1.2.3.4가동,126.985973,37.5691073
106,BE_IW10-0450,문화재유산|문화재구분|문묘,탕평비,서울특별시 종로구 명륜동 3가,서울특별시,종로구,종로1.2.3.4가동,126.9931,37.5875
109,BE_IW10-0405,문화재유산|문화재구분|궁궐,경복궁 근정전,서울특별시 종로구 세종로 1-1 경복궁,서울특별시,종로구,청운효자동,126.9769632,37.5806903
110,BE_IW10-0406,문화재유산|문화재구분|궁궐,경복궁 경회루,서울특별시 종로구 세종로 1-1 경복궁,서울특별시,종로구,청운효자동,126.9769632,37.5806903
116,BE_IW10-0411,문화재유산|문화재구분|궁궐,덕수궁,종로구 서울특별시 중구 정동 5-1,서울특별시,중구,소공동,126.979642,37.573033
117,BE_IW10-0412,문화재유산|문화재구분|궁궐,돈화문,서울특별시 종로구 와룡동 2-71 창덕궁,서울특별시,종로구,종로1.2.3.4가동,126.9913206,37.5827758
118,BE_IW10-0413,문화재유산|문화재구분|궁궐,창덕궁 대조전,서울특별시 종로구 와룡동 2-71 창덕궁,서울특별시,종로구,종로1.2.3.4가동,126.9913206,37.5827758
119,BE_IW10-0428,문화재유산|문화재구분|궁궐,경희궁지,서울특별시 종로구 신문로2가1-126,서울특별시,종로구,사직동,126.9679963,37.5721918
120,BE_IW10-0429,문화재유산|문화재구분|궁궐,경복궁 아미산의굴뚝,서울특별시 종로구 세종로 1 경복궁,서울특별시,종로구,청운효자동,126.9767743,37.5866061
121,BE_IW10-0430,문화재유산|문화재구분|궁궐,경복궁 자경전,서울특별시 종로구 세종로 1 경복궁,서울특별시,종로구,청운효자동,126.9767743,37.5866061
122,BE_IW10-0431,문화재유산|문화재구분|궁궐,오운정,서울특별시 종로구 세종로 1,서울특별시,종로구,청운효자동,126.9767743,37.5866061
123,BE_IW10-0437,문화재유산|문화재구분|도성,소의문,서울특별시 중구 순화동,서울특별시,중구,소공동,126.970438,37.562758
124,BE_IW10-0438,문화재유산|문화재구분|도성,서울 한양도성,서울특별시 종로구 누상동 산1-3외,서울특별시,종로구,청운효자동,126.9659005,37.5815283
125,BE_IW10-0439,문화재유산|문화재구분|도성,돈의문,서울특별시 종로구 신문로 2가,서울특별시,종로구,종로1.2.3.4가동,126.968813,37.570792
126,BE_IW10-0440,문화재유산|문화재구분|도성,숭례문,서울특별시 중구 남대문로4가 29,서울특별시,중구,소공동,126.975324,37.5599933
127,BE_IW10-0441,문화재유산|문화재구분|도성,숙정문,서울특별시 종로구 삼청동 산2-1,서울특별시,종로구,삼청동,126.9808095,37.5885407
128,BE_IW10-0442,문화재유산|문화재구분|도성,홍지문 및 탕춘대성,서울특별시 종로구홍지동 산4,서울특별시,종로구,부암동,126.9582734,37.598465
129,BE_IW10-0443,문화재유산|문화재구분|종묘,종묘,서울특별시 종로구 훈정동 1-2 종묘,서울특별시,종로구,종로1.2.3.4가동,126.9940942,37.5746664
130,BE_IW10-0444,문화재유산|문화재구분|종묘,종묘 어정,서울특별시 종로구 훈정동 66-5 종묘,서울특별시,종로구,종로1.2.3.4가동,126.9862921,37.574515
131,BE_IW10-0445,문화재유산|문화재구분|종묘,종묘정전,서울특별시 종로구 훈정동 1-2 종묘,서울특별시,종로구,종로1.2.3.4가동,126.9940942,37.5746664
132,BE_IW10-0446,문화재유산|문화재구분|종묘,종묘영녕전,서울특별시 종로구 훈정동 2-1 종묘,서울특별시,종로구,종로1.2.3.4가동,126.9951424,37.569936
133,BE_IW10-0447,문화재유산|문화재구분|사직,사직단,사직동 1-28,서울특별시,종로구,사직동,126.9672703,37.5759436
134,BE_IW10-0663,문화재유산|문화재구분|조형물,송시렬(宋時烈)선생 집터,서울특별시 종로구 혜화동 일반1-8번지,서울특별시,종로구,혜화동,127.0005764,37.5869186
135,BE_IW10-0664,문화재유산|문화재구분|조형물,세창서관터(世昌書館址),서울특별시 종로구 종로3가 18번지,서울특별시,종로구,종로1.2.3.4가동,126.9915496,37.5706809
136,BE_IW10-0665,문화재유산|문화재구분|조형물,세종대왕나신곳,서울특별시 종로구 통인동 일반 119번지,서울특별시,종로구,청운효자동,126.9701873,37.5801426
137,BE_IW10-0666,문화재유산|문화재구분|조형물,세검정차일암(洗劍亭遮日巖),서울특별시 종로구 신영동 172-4번지,서울특별시,종로구,부암동,126.9605171,37.6009603
138,BE_IW10-0667,문화재유산|문화재구분|조형물,성삼문선생살던곳,서울특별시 종로구 화동 23번지,서울특별시,종로구,삼청동,126.9821397,37.5816563
139,BE_IW10-0668,문화재유산|문화재구분|조형물,선공감(繕工監) 터,서울특별시 종로구 신문로1가 일반 186,서울특별시,종로구,사직동,126.9761849,37.5704858
140,BE_IW10-0669,문화재유산|문화재구분|조형물,석양루터(夕陽樓址),서울특별시 종로구 이화동 149-1번지,서울특별시,종로구,이화동,127.0042691,37.5769839
147,BE_IW10-0549,문화재유산|문화재구분|종교문화재,금강반야바라밀경(金剛般若波羅蜜經),서울특별시 종로구 새문안길 50 (서울역사박물관),서울특별시,종로구,종로1.2.3.4가동,126.979642,37.573033
148,BE_IW10-0550,문화재유산|문화재구분|종교문화재,안양암 석감마애관음보살상,서울특별시 종로구 창신동 130-3 안양암내,서울특별시,종로구,창신1동,127.013769,37.5755637
149,BE_IW10-0553,문화재유산|문화재구분|종교문화재,삼십분공덕소경,서울특별시 종로구 창신동 130-3,서울특별시,종로구,창신1동,127.013769,37.5755637
150,BE_IW10-0670,문화재유산|문화재구분|조형물,서울중심점(中心点) 표지돌,서울특별시 종로구 인사동 일반 194-4,서울특별시,종로구,종로1.2.3.4가동,126.986,37.5717
151,BE_IW10-0671,문화재유산|문화재구분|조형물,서울대학교 터,서울특별시 종로구 동숭동 1-124번지,서울특별시,종로구,이화동,127.002707,37.5804832
152,BE_IW10-0672,문화재유산|문화재구분|조형물,서북학회터(西北學會址),서울특별시 종로구 경운동 47-17,서울특별시,종로구,종로1.2.3.4가동,126.9870345,37.5739678
153,BE_IW10-0673,문화재유산|문화재구분|조형물,상춘원(常春園) 터,서울특별시 종로구 창신동 195-3번지,서울특별시,종로구,창신1동,127.0124949,37.5733026
154,BE_IW10-0674,문화재유산|문화재구분|조형물,사헌부(司憲府) 터,서울특별시 종로구 세종로 80-1번지,서울특별시,종로구,사직동,126.9759138,37.5733807
155,BE_IW10-0675,문화재유산|문화재구분|조형물,사포서터(司圃署址),서울특별시 종로구 수송동 104번지,서울특별시,종로구,종로1.2.3.4가동,126.9798861,37.574137
157,BE_IW10-0691,문화재유산|문화재구분|조형물,박인환선생생집터(朴寅煥先生家址),서울특별시 종로구 세종로동 116번지,서울특별시,종로구,평창동,126.979642,37.573033
158,BE_IW10-0751,문화재유산|문화재구분|조형물,치마바위,서울특별시 종로구 무악동,서울특별시,종로구,무악동,126.9580981,37.5760084
164,BE_IW10-0554,문화재유산|문화재구분|종교문화재,조계사대웅전후불탱화_조계사 석가불도(曺溪寺 釋迦佛圖),서울특별시 종로구 견지동 45,서울특별시,종로구,종로1.2.3.4가동,126.9823368,37.5739012
165,BE_IW10-0555,문화재유산|문화재구분|조형물,천상열차분야지도각석,서울특별시 종로구  세종로 1-57 국립고궁박물관,서울특별시,종로구,청운효자동,126.9767338,37.5764273
166,BE_IW10-0556,문화재유산|문화재구분|조형물,금잡인,서울특별시 종로구 숭인동 238-1번지,서울특별시,종로구,숭인2동,127.0183336,37.57298
167,BE_IW10-0557,문화재유산|문화재구분|조형물,촛대바위,서울특별시 종로구 무악동,서울특별시,종로구,무악동,126.9580981,37.5760084
168,BE_IW10-0558,문화재유산|문화재구분|조형물,말바위,서울특별시 종로구 무악동,서울특별시,종로구,무악동,126.9580981,37.5760084
169,BE_IW10-0559,문화재유산|문화재구분|조형물,모자바위,서울특별시 종로구 무악동,서울특별시,종로구,무악동,126.9580981,37.5760084
170,BE_IW10-0560,문화재유산|문화재구분|조형물,기차바위,서울특별시 종로구 무악동,서울특별시,종로구,무악동,126.9580981,37.5760084
171,BE_IW10-0561,문화재유산|문화재구분|조형물,사모바위,서울특별시 종로구 무악동,서울특별시,종로구,무악동,126.9580981,37.5760084
172,BE_IW10-0562,문화재유산|문화재구분|조형물,광통교,서울 종로구 서린동 (광통교),서울특별시,종로구,종로1.2.3.4가동,126.9803876,37.5695042
174,BE_IW10-0677,문화재유산|문화재구분|조형물,사온서터(司？署址),서울특별시 종로구 적선동 175번지,서울특별시,종로구,사직동,126.9743068,37.5746556
175,BE_IW10-0678,문화재유산|문화재구분|조형물,사역원(司驛院) 터,서울특별시 종로구 도렴동 88번지,서울특별시,종로구,사직동,126.970072,37.574891
176,BE_IW10-0679,문화재유산|문화재구분|조형물,사섬시터(司贍寺址),서울특별시 종로구 명륜3가 147-1,서울특별시,종로구,혜화동,126.9977942,37.5834472
177,BE_IW10-0680,문화재유산|문화재구분|조형물,사복(司僕)시 터,서울특별시 종로구 수송동 146번지,서울특별시,종로구,종로1.2.3.4가동,126.9790119,37.5739157
178,BE_IW10-0681,문화재유산|문화재구분|조형물,소격서터(昭格署址),서울특별시 종로구 소격동 1-1번지,서울특별시,종로구,삼청동,126.9811382,37.5814132
179,BE_IW10-0682,문화재유산|문화재구분|조형물,사간원(司諫院) 터,서울특별시 종로구 사간동 65번지,서울특별시,종로구,삼청동,126.9798313,37.5780538
180,BE_IW10-0683,문화재유산|문화재구분|조형물,비변사(備邊司) 터,서울특별시 종로구 와룡동 일반 5-14번지,서울특별시,종로구,종로1.2.3.4가동,126.993,37.582
181,BE_IW10-0684,문화재유산|문화재구분|조형물,북평관(北平館) 터,서울특별시 종로구 종로6가 70-3번지,서울특별시,종로구,종로5.6가동,127.0081764,37.5719426
182,BE_IW10-0685,문화재유산|문화재구분|조형물,부침바위터(付岩址),서울특별시 종로구 부암동 141-1번지,서울특별시,종로구,부암동,126.9634598,37.5973772
189,BE_IW10-0566,문화재유산|문화재구분|조형물,서울 관상감 관천대,서울 종로구 원서동 206,서울특별시,종로구,가회동,126.9880143,37.5780886
190,BE_IW10-0567,문화재유산|문화재구분|조형물,황성신문(皇城新聞) 터,서울특별시 종로구 종로1가 20-3번지,서울특별시,종로구,종로1.2.3.4가동,126.9797265,37.5703153
191,BE_IW10-0568,문화재유산|문화재구분|조형물,화기도감(火器都監) 터,서울특별시 종로구 화동 2번지,서울특별시,종로구,삼청동,126.9831241,37.5807844
192,BE_IW10-0569,문화재유산|문화재구분|조형물,한성재판소(漢城裁判所) 터,서울특별시 종로구 서린동 일반 154-1번지,서울특별시,종로구,종로1.2.3.4가동,126.9803876,37.5695042
193,BE_IW10-0686,문화재유산|문화재구분|조형물,봉상사터(奉常司址),서울특별시 종로구 당주동 128-27번지,서울특별시,종로구,사직동,126.9723176,37.5717624
194,BE_IW10-0687,문화재유산|문화재구분|조형물,병조(兵曹) 터,서울특별시 종로구 세종로 일반 60-1,서울특별시,종로구,청운효자동,126.9767571,37.5802853
195,BE_IW10-0688,문화재유산|문화재구분|조형물,복정터(福井址),서울특별시 종로구 화동 35번지,서울특별시,종로구,삼청동,126.9820324,37.582129
196,BE_IW10-0689,문화재유산|문화재구분|조형물,별기군훈련소터(別技軍訓練所址),서울특별시 종로구 평창동 273-3번지,서울특별시,종로구,평창동,126.965905,37.6050461
197,BE_IW10-0690,문화재유산|문화재구분|조형물,서십자각터(西十字閣址),서울특별시 종로구 세종로동 1-57번지,서울특별시,종로구,이화동,126.979642,37.573033
198,BE_IW10-0692,문화재유산|문화재구분|조형물,박규수(朴珪壽)선생 집터,서울특별시 종로구 재동 일반 83번지,서울특별시,종로구,가회동,126.985125,37.5781
199,BE_IW10-0693,문화재유산|문화재구분|조형물,민영환(閔泳煥) 집터,서울특별시 종로구 견지동 38-2번지,서울특별시,종로구,종로1.2.3.4가동,126.9827322,37.5741253
204,BE_IW10-0570,문화재유산|문화재구분|조형물,한성임시정부(漢城臨時政府) 터,서울특별시 종로구 내수동 71번지,서울특별시,종로구,사직동,126.9713114,37.5739782
205,BE_IW10-0571,문화재유산|문화재구분|조형물,흥화문(興化門) 터,서울특별시 종로구 신문로1가 58-1번지,서울특별시,종로구,사직동,126.972266,37.5704148
206,BE_IW10-0572,문화재유산|문화재구분|조형물,흥덕사(興德寺) 터,서울특별시 종로구 명륜1가 일반 2-32번지,서울특별시,종로구,혜화동,126.9975,37.5891
207,BE_IW10-0573,문화재유산|문화재구분|조형물,훈련도감(訓練都監) 터,서울특별시 종로구 신문로1가 58-1번지,서울특별시,종로구,사직동,126.972266,37.5704148
208,BE_IW10-0574,문화재유산|문화재구분|조형물,충훈부터(忠勳府址),서울특별시 종로구 관훈동 130-3번지,서울특별시,종로구,종로1.2.3.4가동,126.9834954,37.5754369
209,BE_IW10-0575,문화재유산|문화재구분|조형물,최시형순교(崔時亨殉敎) 터,서울특별시 종로구 묘동 59-7번지,서울특별시,종로구,종로1.2.3.4가동,126.9922221,37.5710835
210,BE_IW10-0576,문화재유산|문화재구분|조형물,홍화문(弘化門) 터,서울특별시 종로구 혜화동 28-13,서울특별시,종로구,혜화동,127.0037831,37.5878339
211,BE_IW10-0577,문화재유산|문화재구분|조형물,호조(戶曹) 터,서울특별시 종로구 세종로 119번지,서울특별시,종로구,종로1.2.3.4가동,126.9780181,37.5710617
212,BE_IW10-0694,문화재유산|문화재구분|조형물,맹사성(孟思誠) 집터,서울특별시 종로구  삼청동 35-119,서울특별시,종로구,삼청동,126.9833213,37.5838981
213,BE_IW10-0695,문화재유산|문화재구분|조형물,등과정터(登科亭址),서울특별시 종로구 사직동 산 1-1번지,서울특별시,종로구,사직동,126.9685375,37.5764899
214,BE_IW10-0696,문화재유산|문화재구분|조형물,동학당(東學堂) 터,서울특별시 종로구 종로6가 121번지,서울특별시,종로구,종로5.6가동,127.0074286,37.5713338
215,BE_IW10-0697,문화재유산|문화재구분|조형물,동망봉(東望峰),서울특별시 종로구 숭인1동 57-20,서울특별시,종로구,숭인1동,127.0173078,37.5775502
216,BE_IW10-0698,문화재유산|문화재구분|조형물,동아일보창간사옥터(東亞日報創刊社屋址),서울특별시 종로구 화동 138-7번지,서울특별시,종로구,삼청동,126.9825512,37.5793438
218,BE_IW10-0700,문화재유산|문화재구분|조형물,돈녕부터(敦寧府址),서울특별시 종로구 낙원동 58-1번지,서울특별시,종로구,종로1.2.3.4가동,126.9884967,37.5740499
219,BE_IW10-0701,문화재유산|문화재구분|조형물,독립선언문배부터,서울특별시 종로구 경운동 일반88번지,서울특별시,종로구,종로1.2.3.4가동,126.98595,37.575067
220,BE_IW10-0702,문화재유산|문화재구분|조형물,도정궁터(都正宮址),서울특별시 종로구 사직동 261번지,서울특별시,종로구,사직동,126.9662961,37.5744029
221,BE_IW10-0703,문화재유산|문화재구분|조형물,도염서터(都染署址),서울특별시 종로구 세종로동 79-10번지,서울특별시,종로구,가회동,126.979642,37.573033
227,BE_IW10-0578,문화재유산|문화재구분|조형물,혜정교(惠政橋) 터,서울특별시 종로구 세종로동 일반 2-13번지,서울특별시,종로구,청운효자동,126.979642,37.573033
228,BE_IW10-0579,문화재유산|문화재구분|조형물,형조(刑曹) 터,서울특별시 종로구 세종로 61-3번지,서울특별시,종로구,청운효자동,126.9702003,37.5839605
229,BE_IW10-0580,문화재유산|문화재구분|조형물,현진건집터(玄鎭健家址),서울특별시 종로구 부암동 325-2번지,서울특별시,종로구,부암동,126.9630068,37.5914055
230,BE_IW10-0581,문화재유산|문화재구분|조형물,한양의원터(漢陽醫院址),서울특별시 종로구 낙원동 146번지,서울특별시,종로구,종로1.2.3.4가동,126.9892967,37.5717158
231,BE_IW10-0582,문화재유산|문화재구분|조형물,한성전보총국(漢城電報總局) 터,서울특별시 종로구 세종로 일반 80-1,서울특별시,종로구,사직동,126.9767571,37.5802853
232,BE_IW10-0583,문화재유산|문화재구분|조형물,지청천(池靑天)장군 집터,서울특별시 종로구 삼청동 37-1번지,서울특별시,종로구,삼청동,126.9817303,37.5862815
233,BE_IW10-0584,문화재유산|문화재구분|조형물,지석영(池錫永) 집터,서울특별시 종로구 낙원동 일반1번지,서울특별시,종로구,종로1.2.3.4가동,126.9885,37.5725
234,BE_IW10-0585,문화재유산|문화재구분|조형물,한성부중부관아(漢城府中部官衙) 터,서울특별시 종로구 종로3가 171번지,서울특별시,종로구,종로1.2.3.4가동,126.9947753,37.5702931
235,BE_IW10-0586,문화재유산|문화재구분|조형물,한성부북부관아(漢城府北部官衙) 터,서울특별시 종로구 사간동 70번지,서울특별시,종로구,삼청동,126.9798723,37.5777304
236,BE_IW10-0704,문화재유산|문화재구분|조형물,대한천일은행본점터(大韓天一銀行本店址),서울특별시 종로구 관철동 13-23번지,서울특별시,종로구,종로1.2.3.4가동,126.9841943,37.5688055
237,BE_IW10-0705,문화재유산|문화재구분|조형물,대심원터(大審院址),서울특별시 종로구 공평동 100번지,서울특별시,종로구,종로1.2.3.4가동,126.9823968,37.571117
238,BE_IW10-0706,문화재유산|문화재구분|조형물,대동단본부 터,서울특별시 종로구 구기동 일반 168번지,서울특별시,종로구,평창동,126.9574,37.6179
239,BE_IW10-0707,문화재유산|문화재구분|조형물,농상아문터(農商衙門址),서울특별시 종로구 청운동 89-12번지,서울특별시,종로구,청운효자동,126.9725957,37.5864696
240,BE_IW10-0708,문화재유산|문화재구분|조형물,노백린장군집터,서울특별시 종로구 계동 1번지,서울특별시,종로구,가회동,126.9864633,37.5843579
241,BE_IW10-0709,문화재유산|문화재구분|조형물,백세청풍바위(百世淸風岩),서울특별시 종로구 청운동 52-94,서울특별시,종로구,청운효자동,126.967287,37.5865804
242,BE_IW10-0710,문화재유산|문화재구분|조형물,백록정(白鹿亭) 터,서울특별시 종로구 가회동 1번지,서울특별시,종로구,가회동,126.9853667,37.5861106
243,BE_IW10-0711,문화재유산|문화재구분|조형물,백련사터(白蓮社址),서울특별시 종로구 삼청동 25-1번지,서울특별시,종로구,삼청동,126.9829311,37.5880397
244,BE_IW10-0712,문화재유산|문화재구분|조형물,남이장군(南怡將軍) 집터,서울특별시 종로구 연건동 78-4번지,서울특별시,종로구,이화동,127.0019111,37.578353
246,BE_IW10-0464,문화재유산|문화재구분|건축,새문안교회,서울특별시 종로구 신문로1가 42번지,서울특별시,종로구,사직동,126.9734104,37.5706533
247,BE_IW10-0465,문화재유산|문화재구분|건축,천도교 중앙대교당,서울특별시 종로구 경운동 88,서울특별시,종로구,종로1.2.3.4가동,126.9862771,37.5753081
248,BE_IW10-0587,문화재유산|문화재구분|조형물,한성부동부관아(漢城府東部官衙) 터,서울특별시 종로구 인의동 48-26번지,서울특별시,종로구,종로1.2.3.4가동,126.9979711,37.5718913
249,BE_IW10-0588,문화재유산|문화재구분|조형물,한성도서주식회사터(漢城圖書株式會社址),서울특별시 종로구 견지동 32-3번지,서울특별시,종로구,종로1.2.3.4가동,126.9826493,37.5747639
250,BE_IW10-0589,문화재유산|문화재구분|조형물,평창(平倉) 터,서울특별시 종로구  평창동 339번지,서울특별시,종로구,평창동,126.9666929,37.6061187
251,BE_IW10-0590,문화재유산|문화재구분|조형물,통례원터(通禮院址),서울특별시 종로구 와룡동 138번지,서울특별시,종로구,종로1.2.3.4가동,126.9901288,37.5766756
252,BE_IW10-0591,문화재유산|문화재구분|조형물,탕춘대한지마을터(蕩春臺韓紙村址),서울특별시 종로구 신영동 136-8번지,서울특별시,종로구,부암동,126.9608133,37.6011658
254,BE_IW10-0593,문화재유산|문화재구분|조형물,취운정터(聚雲亭址),서울특별시 종로구 삼청동 25-23,서울특별시,종로구,삼청동,126.9849145,37.5873918
255,BE_IW10-0594,문화재유산|문화재구분|조형물,조지서(造紙署) 터,서울특별시 종로구 신영동 49-6번지,서울특별시,종로구,부암동,126.9612883,37.6028904
256,BE_IW10-0595,문화재유산|문화재구분|조형물,조선일보창간사옥(朝鮮日報創刊社屋)터,서울특별시 종로구 관철동 13-23번지,서울특별시,종로구,종로1.2.3.4가동,126.9841943,37.5688055
257,BE_IW10-0596,문화재유산|문화재구분|조형물,조선극장터(朝鮮劇場址),서울특별시 종로구 인사동 110번지,서울특별시,종로구,종로1.2.3.4가동,126.9871968,37.5708915
258,BE_IW10-0597,문화재유산|문화재구분|조형물,조선건국동맹터(朝鮮建國同盟址),서울특별시 종로구 경운동 89-4번지,서울특별시,종로구,종로1.2.3.4가동,126.9852696,37.5759208
259,BE_IW10-0598,문화재유산|문화재구분|조형물,총융청(摠戎廳)터,서울특별시 종로구 신영동 219-4번지,서울특별시,종로구,부암동,126.9609583,37.6031805
260,BE_IW10-0713,문화재유산|문화재구분|조형물,김정희선생집터,서울특별시 종로구 통의동 67-3번지,서울특별시,종로구,사직동,126.9722336,37.5779723
261,BE_IW10-0766,문화재유산|문화재구분|조형물,서울 고종 어극 40년 칭경기념비,서울특별시 종로구 세종로 142-3,서울특별시,종로구,사직동,126.9775912,37.5705151
262,BE_IW10-0466,문화재유산|문화재구분|건축,서울 구 경기고등학교,서울특별시 종로구 화동,서울특별시,종로구,삼청동,126.9828,37.5806
263,BE_IW10-0714,문화재유산|문화재구분|조형물,김옥균(金玉均) 집터,서울특별시 종로구 화동 일반 2번지,서울특별시,종로구,삼청동,126.9828,37.5806
264,BE_IW10-0715,문화재유산|문화재구분|조형물,김수영선생집터(金洙映先生家址),서울특별시 종로구 종로6가 116-1번지,서울특별시,종로구,종로5.6가동,127.0075945,37.5714186
265,BE_IW10-0716,문화재유산|문화재구분|조형물,김상헌(金尙憲) 집터,서울특별시 종로구 청운동 94-2번지,서울특별시,종로구,청운효자동,126.9711429,37.5852907
266,BE_IW10-0717,문화재유산|문화재구분|조형물,돈의문(敦義門) 터,서울특별시 종로구 평동,서울특별시,종로구,교남동,126.9668,37.567967
267,BE_IW10-0718,문화재유산|문화재구분|조형물,기로소터(耆老所址),서울특별시 종로구 세종로동 116번지,서울특별시,종로구,사직동,126.979642,37.573033
268,BE_IW10-0719,문화재유산|문화재구분|조형물,기당 현상윤선생 집 터(幾堂 玄相允先生家址),서울특별시 종로구 가회동 1-35번지,서울특별시,종로구,가회동,126.9855992,37.5854729
269,BE_IW10-0720,문화재유산|문화재구분|조형물,금위영서영터(禁衛營西營址),서울특별시 종로구 원서동 129-5번지,서울특별시,종로구,가회동,126.9891192,37.5797453
270,BE_IW10-0467,문화재유산|문화재구분|건축,종교교회,서울특별시 종로구 종로구 도렴동 32,서울특별시,종로구,사직동,126.979642,37.573033
271,BE_IW10-0468,문화재유산|문화재구분|건축,승동교회,서울특별시 종로구 인사동 137,서울특별시,종로구,종로1.2.3.4가동,126.9861167,37.5715664
272,BE_IW10-0469,문화재유산|문화재구분|건축,동아일보 사옥,"서울특별시 종로구 세종로 139-8, 159-3",서울특별시,종로구,사직동,126.9776664,37.569797
273,BE_IW10-0470,문화재유산|문화재구분|건축,서울 혜화동성당,서울특별시 종로구 혜화동 58-2번지,서울특별시,종로구,혜화동,127.0026116,37.5863859
274,BE_IW10-0471,문화재유산|문화재구분|건축,서울 중앙고등학교 본관,서울특별시 종로구 계동 1,서울특별시,종로구,가회동,126.9864633,37.5843579
275,BE_IW10-0599,문화재유산|문화재구분|조형물,청송당(聽松堂) 터,서울특별시 종로구 청운동 일반 89-3번지,서울특별시,종로구,청운효자동,126.9692916,37.5891866
276,BE_IW10-0600,문화재유산|문화재구분|조형물,척화비(斥和碑) 있던 곳,서울특별시 종로구 관철동 일반 102-7번지,서울특별시,종로구,종로1.2.3.4가동,126.985973,37.5691073
277,BE_IW10-0601,문화재유산|문화재구분|조형물,창의궁(彰義宮) 터,서울특별시 종로구 통의동 67-3번지,서울특별시,종로구,사직동,126.9722336,37.5779723
278,BE_IW10-0602,문화재유산|문화재구분|조형물,진단학회(震檀學會) 터,서울특별시 종로구 재동 23번지,서울특별시,종로구,가회동,126.9853047,37.5794084
279,BE_IW10-0603,문화재유산|문화재구분|조형물,전옥서(典獄署) 터,서울특별시 종로구 종로1가 일반 20-3번지,서울특별시,종로구,종로1.2.3.4가동,126.9778487,37.5705957
280,BE_IW10-0604,문화재유산|문화재구분|조형물,중학당터(中學堂址),서울특별시 종로구 중학동 18-6번지,서울특별시,종로구,종로1.2.3.4가동,126.9800251,37.5756422
281,BE_IW10-0605,문화재유산|문화재구분|조형물,준천사터(濬川司址),서울특별시 종로구 관수동 152-1번지,서울특별시,종로구,종로1.2.3.4가동,126.9893086,37.5684728
282,BE_IW10-0721,문화재유산|문화재구분|조형물,금위영(禁衛營) 터,서울특별시 종로구 운니동 98-5번지,서울특별시,종로구,종로1.2.3.4가동,126.9889201,37.5768571
283,BE_IW10-0722,문화재유산|문화재구분|조형물,규장각(奎章閣) 터,서울특별시 종로구 소격동 165번지,서울특별시,종로구,삼청동,126.9805749,37.5795174
284,BE_IW10-0723,문화재유산|문화재구분|조형물,내자시(內資寺) 터,서울특별시 종로구 내자동 일반 135-1,서울특별시,종로구,사직동,126.9716,37.5754
285,BE_IW10-0724,문화재유산|문화재구분|조형물,내수사(內需司) 터,서울특별시 종로구 내수동 일반 72번지,서울특별시,종로구,사직동,126.9722,37.572942
286,BE_IW10-0725,문화재유산|문화재구분|조형물,관상감터(觀象監),서울특별시 종로구 원서동 206번지,서울특별시,종로구,가회동,126.9880143,37.5780886
287,BE_IW10-0726,문화재유산|문화재구분|조형물,관립 교동 소학교,서울특별시 종로구 경운동 2번지,서울특별시,종로구,종로1.2.3.4가동,126.9877457,37.5748447
288,BE_IW10-0767,문화재유산|문화재구분|조형물,민 충정공,서울특별시 종로구 견지동 39-7,서울특별시,종로구,종로1.2.3.4가동,126.9826182,37.5744559
290,BE_IW10-0472,문화재유산|문화재구분|건축,구 서울대학교 본관,서울특별시 종로구 동숭동 1-130,서울특별시,종로구,이화동,127.002897,37.5799333
292,BE_IW10-0551,문화재유산|문화재구분|종교문화재,석조여래좌상,서울특별시 종로구 세종로 1,서울특별시,종로구,청운효자동,126.9767743,37.5866061
293,BE_IW10-0552,문화재유산|문화재구분|종교문화재,서울 승가사 석조승가대사좌상(僧伽寺石造僧伽大師坐像),종로구 구기동 산 2-1,서울특별시,종로구,평창동,126.9594761,37.6269949
294,BE_IW10-0606,문화재유산|문화재구분|조형물,죽동궁터(竹洞宮址),서울특별시 종로구 관훈동 194-35번지,서울특별시,종로구,종로1.2.3.4가동,126.984469,37.5724164
295,BE_IW10-0448,문화재유산|문화재구분|사직,사직단 대문,서울특별시 종로구 사직동 1-28,서울특별시,종로구,사직동,126.9672703,37.5759436
296,BE_IW10-0449,문화재유산|문화재구분|문묘,"서울문묘<대성전,명륜당,동무,서무,삼문>",서울특별시 종로구 명륜동3가 53,서울특별시,종로구,삼청동,126.9957415,37.5858106
297,BE_IW10-0457,문화재유산|문화재구분|건축,청일여관,서울특별시 종로구 청진동,서울특별시,종로구,종로1.2.3.4가동,126.9801469,37.5714324
298,BE_IW10-0458,문화재유산|문화재구분|건축,구공업전습소본관,서울특별시 종로구 동숭동 169,서울특별시,종로구,이화동,127.0029213,37.5788244
299,BE_IW10-0459,문화재유산|문화재구분|건축,서울 중앙고등학교 동관,서울특별시 종로구 계동 1,서울특별시,종로구,가회동,126.9864633,37.5843579
300,BE_IW10-0460,문화재유산|문화재구분|건축,서울 중앙고등학교 서관,서울특별시 종로구 계동 1,서울특별시,종로구,가회동,126.9864633,37.5843579
301,BE_IW10-0461,문화재유산|문화재구분|건축,서울 배화여자고등학교 생활관,서울 종로구 필운동 12,서울특별시,종로구,사직동,126.9677086,37.5781422
302,BE_IW10-0462,문화재유산|문화재구분|건축,서울 경교장,서울특별시 종로구 평동 108-1,서울특별시,종로구,교남동,126.968182,37.5682877
303,BE_IW10-0463,문화재유산|문화재구분|건축,서울 대한의원,서울특별시 종로구 연건동 28-21,서울특별시,종로구,이화동,126.9987981,37.579166
304,BE_IW10-0432,문화재유산|문화재구분|궁궐,경복궁,서울특별시 종로구 세종로 1-91 ,서울특별시,종로구,청운효자동,126.97691,37.5772775
305,BE_IW10-0433,문화재유산|문화재구분|도성,서울 흥인지문,서울특별시 종로구 종로6가 69,서울특별시,종로구,종로5.6가동,127.0097033,37.5711486
306,BE_IW10-0434,문화재유산|문화재구분|도성,창의문,서울특별시 종로구 청운동 (창의문),서울특별시,종로구,청운효자동,126.9692916,37.5891866
307,BE_IW10-0435,문화재유산|문화재구분|도성,광희문,서울특별시 중구 광희동,서울특별시,중구,광희동,127.0050407,37.564438
308,BE_IW10-0436,문화재유산|문화재구분|도성,혜화문,서울특별시 종로구 혜화동,서울특별시,종로구,종로1.2.3.4가동,127.0005764,37.5869186
309,BE_IW10-0414,문화재유산|문화재구분|궁궐,서울 운현궁,서울특별시 종로구 운니동 114-10,서울특별시,종로구,종로1.2.3.4가동,126.9871246,37.5761263
310,BE_IW10-0415,문화재유산|문화재구분|궁궐,창덕궁 구선원전,서울특별시 종로구 와룡동 2-71 창덕궁,서울특별시,종로구,종로1.2.3.4가동,126.9913206,37.5827758
311,BE_IW10-0416,문화재유산|문화재구분|궁궐,창덕궁 희정당,서울특별시 종로구 와룡동 2-71 창덕궁,서울특별시,종로구,종로1.2.3.4가동,126.9913206,37.5827758
312,BE_IW10-0417,문화재유산|문화재구분|궁궐,창덕궁 선정전,서울특별시 종로구 와룡동 2-71 창덕궁,서울특별시,종로구,종로1.2.3.4가동,126.9913206,37.5827758
313,BE_IW10-0418,문화재유산|문화재구분|궁궐,창덕궁 인정전,서울특별시 종로구 와룡동 2-71 창덕궁,서울특별시,종로구,종로1.2.3.4가동,126.9913206,37.5827758
314,BE_IW10-0419,문화재유산|문화재구분|궁궐,창덕궁,서울특별시 종로구 와룡동 2-71,서울특별시,종로구,종로1.2.3.4가동,126.9913206,37.5827758
315,BE_IW10-0420,문화재유산|문화재구분|궁궐,홍화문,서울특별시 종로구 와룡동 2-1 창경궁,서울특별시,종로구,종로1.2.3.4가동,126.9950431,37.5805909
316,BE_IW10-0421,문화재유산|문화재구분|궁궐,관천대,서울특별시 종로구 와룡동 2-1 창경궁,서울특별시,종로구,종로1.2.3.4가동,126.9950431,37.5805909
317,BE_IW10-0422,문화재유산|문화재구분|궁궐,창경궁 통명전,서울특별시 종로구 와룡동 2-1 창경궁,서울특별시,종로구,종로1.2.3.4가동,126.9950431,37.5805909
318,BE_IW10-0423,문화재유산|문화재구분|궁궐,창경궁 명정문 및 행각,서울특별시 종로구 와룡동 2-1 창경궁,서울특별시,종로구,종로1.2.3.4가동,126.9950431,37.5805909
319,BE_IW10-0424,문화재유산|문화재구분|궁궐,옥천교,서울특별시 종로구 와룡동 2-1 창경궁,서울특별시,종로구,종로1.2.3.4가동,126.9950431,37.5805909
320,BE_IW10-0425,문화재유산|문화재구분|궁궐,창경궁 명정전,서울특별시 종로구 와룡동 2-1 창경궁,서울특별시,종로구,종로1.2.3.4가동,126.9950431,37.5805909
321,BE_IW10-0426,문화재유산|문화재구분|궁궐,창경궁 풍기대,서울특별시 종로구 와룡동 2-1 창경궁,서울특별시,종로구,종로1.2.3.4가동,126.9950431,37.5805909
322,BE_IW10-0427,문화재유산|문화재구분|궁궐,경희궁 흥화문,서울 종로구 신문로2가,서울특별시,종로구,사직동,126.968813,37.570792
323,BE_IW10-0407,문화재유산|문화재구분|궁궐,경복궁 자경전십장생굴뚝,서울특별시 종로구 세종로 1 경복궁,서울특별시,종로구,청운효자동,126.9767743,37.5866061
324,BE_IW10-0408,문화재유산|문화재구분|궁궐,경복궁 풍기대,서울특별시 종로구 세종로 1 경복궁,서울특별시,종로구,청운효자동,126.9767743,37.5866061
325,BE_IW10-0409,문화재유산|문화재구분|궁궐,창경궁 대온실,서울특별시 종로구 와룡동 2-1 창경궁,서울특별시,종로구,종로1.2.3.4가동,126.9950431,37.5805909
326,BE_IW10-0410,문화재유산|문화재구분|궁궐,창경궁,서울특별시 종로구 와룡동 2-1,서울특별시,종로구,종로1.2.3.4가동,126.9950431,37.5805909
327,BE_IW10-0764,문화재유산|문화재구분|조형물,서울 원각사지 대원각사비,서울특별시 종로구 종로2가 38-3 탑골,서울특별시,종로구,종로1.2.3.4가동,126.9886344,37.5710789
328,BE_IW10-0765,문화재유산|문화재구분|조형물,북한산 진흥왕 순수비지(北漢山 眞興王 巡狩碑址),서울특별시 종로구 구기동 산3-1,서울특별시,종로구,평창동,126.955532,37.6238013
329,BE_IW10-0782,문화재유산|문화재구분|조형물,갈항사삼층석탑,서울특별시 종로구 세종로 1 경복궁  와룡동 2-1,서울특별시,종로구,청운효자동,126.9767743,37.5866061
330,BE_IW10-0546,문화재유산|문화재구분|종교문화재,감로암,서울특별시 종로구 충신동 15번지,서울특별시,종로구,종로5.6가동,127.0066373,37.5753306
331,BE_IW10-0547,문화재유산|문화재구분|종교문화재,조계사 대웅전,서울특별시 종로구 견지동 45,서울특별시,종로구,종로1.2.3.4가동,126.9823368,37.5739012
332,BE_IW10-0548,문화재유산|문화재구분|종교문화재,서울 북한산 구기동 마애여래좌상(서울 北漢山 舊基洞 磨崖如來坐像),종로구 구기동 산 2-1,서울특별시,종로구,평창동,126.9594761,37.6269949
343,BE_IW10-0915,장소/위치|종로여행,성곡미술관,서울시 종로구 신문로2가 1-101,서울특별시,종로구,사직동,126.9700536,37.5735038
372,BE_IW10-0249,장소/위치|시설|민간시설|공연장,챔프예술극장,종로구 동숭동 31-9,서울특별시,종로구,이화동,127.005289,37.5803585
373,BE_IW10-0250,장소/위치|시설|민간시설|공연장,"창조콘서트홀1관,2관",종로구 혜화동 185 중원빌딩 6층,서울특별시,종로구,혜화동,127.0019925,37.5839674
374,BE_IW10-0251,장소/위치|시설|민간시설|공연장,짚풀생활사박물관,서울시 종로구 명륜2가 8-4,서울특별시,종로구,혜화동,126.9998511,37.5849195
375,BE_IW10-0252,장소/위치|시설|민간시설|공연장,질러홀,서울시 종로구 동숭동 1-74 TJM 빌딩 B1 F,서울특별시,종로구,이화동,127.0035347,37.5825002
376,BE_IW10-0253,장소/위치|시설|민간시설|공연장,정보소극장,서울시 종로구 동숭동 1-81 (정보빌딩지하1층),서울특별시,종로구,이화동,127.0037217,37.5824981
377,BE_IW10-0254,장소/위치|시설|민간시설|공연장,열린극장,서울시 종로구 명륜2가 21-19,서울특별시,종로구,혜화동,127.0003131,37.5836998
378,BE_IW10-0255,장소/위치|시설|민간시설|공연장,연우소극장,서울시 종로구 혜화동 53-9,서울특별시,종로구,혜화동,127.0017452,37.5869953
379,BE_IW10-0256,장소/위치|시설|민간시설|공연장,연극실험실 혜화동1번지,서울시 종로구 혜화동 88-1,서울특별시,종로구,혜화동,127.0013447,37.5863933
380,BE_IW10-0257,장소/위치|시설|민간시설|공연장,연극사랑 솔나무극장,종로구 명륜동 4가 170-3,서울특별시,종로구,삼청동,126.9992015,37.582469
381,BE_IW10-0258,장소/위치|시설|민간시설|공연장,어뮤징씨어터,종로구 동숭동 1-145 대학빌딩 5층,서울특별시,종로구,이화동,127.0041525,37.5807781
382,BE_IW10-0259,장소/위치|시설|민간시설|공연장,알과핵소극장,종로구 동숭동 1-140,서울특별시,종로구,이화동,127.003686,37.5799382
383,BE_IW10-0260,장소/위치|시설|민간시설|공연장,아티스탄홀,명륜동2가 197-1 3층,서울특별시,종로구,사직동,127.2733626,37.0152241
384,BE_IW10-0261,장소/위치|시설|민간시설|공연장,아트홀스타시티,명륜 4가 113-1 스타시티 빌딩,서울특별시,종로구,혜화동,127.0005725,37.5821171
385,BE_IW10-0262,장소/위치|시설|민간시설|공연장,신연아트홀,종로구 동숭동 1-37,서울특별시,종로구,이화동,127.0024445,37.5832665
386,BE_IW10-0263,장소/위치|시설|민간시설|공연장,스튜디오76,종로구 혜화동 180번지 (대학로약국건물 4층),서울특별시,종로구,혜화동,127.0019523,37.5836053
387,BE_IW10-0264,장소/위치|시설|민간시설|공연장,쇳대박물관,서울시 종로구 동숭동 187-8,서울특별시,종로구,이화동,127.0046646,37.5798116
388,BE_IW10-0265,장소/위치|시설|민간시설|공연장,소극장피카소,명륜4가 69-1,서울특별시,종로구,혜화동,127.0006524,37.5827031
389,BE_IW10-0266,장소/위치|시설|민간시설|공연장,소극장축제,서울시 종로구 명륜4가 111-2,서울특별시,종로구,혜화동,127.0008522,37.5818529
390,BE_IW10-0267,장소/위치|시설|민간시설|공연장,해오름소극장,명륜2가 13번지,서울특별시,종로구,혜화동,127.0000379,37.5845573
391,BE_IW10-0268,장소/위치|시설|민간시설|공연장,소극장모시는사람들,서울시 종로구 혜화동 74-38 지차 1층,서울특별시,종로구,혜화동,127.0004884,37.5866414
392,BE_IW10-0269,장소/위치|시설|민간시설|공연장,마로니에극장,종로구 동숭동 130-47,서울특별시,종로구,이화동,127.004584,37.5805932
393,BE_IW10-0273,장소/위치|시설|민간시설|공연장,로봇박물관,서울시 종로구 동숭동 1-44,서울특별시,종로구,이화동,127.0035867,37.582977
394,BE_IW10-0270,장소/위치|시설|민간시설|공연장,마당세실극장,종로구 동숭동 192-18,서울특별시,종로구,이화동,127.0046429,37.5787032
395,BE_IW10-0271,장소/위치|시설|민간시설|공연장,르메이에르소극장,서울시 종로구 동숭동 1-145 대학빌딩B1,서울특별시,종로구,이화동,127.0041525,37.5807781
396,BE_IW10-0272,장소/위치|시설|민간시설|공연장,루나틱전용관,종로구 동숭동 1-150번지 지하 1층,서울특별시,종로구,이화동,127.0042638,37.5801187
397,BE_IW10-0274,장소/위치|시설|민간시설|공연장,라이프씨어터,서울시 종로구 명륜2가 24-1,서울특별시,종로구,혜화동,127.0009807,37.5838873
398,BE_IW10-0275,장소/위치|시설|민간시설|공연장,두레홀4관,서울시 종로구 동숭동 1-54,서울특별시,종로구,이화동,127.0028377,37.58278
399,BE_IW10-0276,장소/위치|시설|민간시설|공연장,두레홀3관,서울시 종로구 동숭동 1-73 리트모빌딩,서울특별시,종로구,이화동,127.0032731,37.5824989
400,BE_IW10-0277,장소/위치|시설|민간시설|공연장,두레홀2관,서울시 종로구 동숭동 1-78,서울특별시,종로구,이화동,127.003718,37.5818876
401,BE_IW10-0278,장소/위치|시설|민간시설|공연장,상상나눔씨어터,서울시 종로구 동숭동 187-8,서울특별시,종로구,이화동,127.0046646,37.5798116
402,BE_IW10-0279,장소/위치|시설|민간시설|공연장,"상명아트홀1관,2관",서울시 종로구 동숭동 1-38 상명대학교 동숭캠퍼스 예술디자인센터,서울특별시,종로구,이화동,127.0027294,37.5833598
403,BE_IW10-0280,장소/위치|시설|민간시설|공연장,블랙박스씨어터,종로구 동숭동 1-60,서울특별시,종로구,이화동,127.0025706,37.581897
404,BE_IW10-0281,장소/위치|시설|민간시설|공연장,배우세상 소극장,종로구 동숭동 1-47 연경빌딩,서울특별시,종로구,이화동,127.0024153,37.5829685
405,BE_IW10-0282,장소/위치|시설|민간시설|공연장,바쁘다바뻐전용관,종로구 동숭동 50-20,서울특별시,종로구,이화동,127.0043019,37.581453
406,BE_IW10-0283,장소/위치|시설|민간시설|공연장,"미라클씨어터1관,2관",종로구 동숭동 1-145 대학빌딩4층,서울특별시,종로구,이화동,127.0041525,37.5807781
407,BE_IW10-0284,장소/위치|시설|민간시설|공연장,문화공간이다1관2관,종로구 동숭동 1-75 대학로문화공간B/D B1F,서울특별시,종로구,이화동,127.0035361,37.5822908
408,BE_IW10-0345,장소/위치|거리,경인미술관,서울시 종로구 인사동 10길 11-4,서울특별시,종로구,종로1.2.3.4가동,126.9857423,37.5745985
409,BE_IW10-0346,장소/위치|거리,통인 화랑,서울시 종로구 관훈동 16,서울특별시,종로구,종로1.2.3.4가동,126.9857995,37.5734865
410,BE_IW10-0347,장소/위치|거리,갤러리 상,서울시 종로구 인사동 159,서울특별시,종로구,종로1.2.3.4가동,126.9865325,37.5723401
411,BE_IW10-0348,장소/위치|거리,골목길 숨은 명소,서울특별시 종로구 북촌로5가길 12-5 ,서울특별시,종로구,삼청동,126.9823164,37.5802949
412,BE_IW10-0349,장소/위치|거리,"화랑, 박물관, 북카페",서울 종로구 삼청동 105-1,서울특별시,종로구,삼청동,126.9817658,37.5849785
415,BE_IW10-0363,장소/위치|테마쇼핑,전기/가전,서울특별시 중구 산림동 207-1,서울특별시,중구,을지로동,126.9953665,37.5680551
416,BE_IW10-0364,장소/위치|테마쇼핑,종묘/화훼,서울특별시 종로구 예지동 165-2 ,서울특별시,종로구,종로1.2.3.4가동,126.9975554,37.5696294
417,BE_IW10-0365,장소/위치|테마쇼핑,상패/휘장,서울시 종로구 관수동,서울특별시,종로구,종로1.2.3.4가동,126.9906,37.5691
418,BE_IW10-0366,장소/위치|테마쇼핑,골동품,서울시 종로구 관훈동 30,서울특별시,종로구,종로1.2.3.4가동,126.985618,37.5745209
419,BE_IW10-0367,장소/위치|테마쇼핑,액세서리/귀금속,서울시 종로구 예지동 50,서울특별시,종로구,종로1.2.3.4가동,126.9973057,37.5698077
420,BE_IW10-0368,장소/위치|테마쇼핑,문구/완구,서울시 종로구 창신동 390-29,서울특별시,종로구,창신1동,127.014448,37.5712335
421,BE_IW10-0369,장소/위치|테마쇼핑,애완동물,서울시 종로구 창신동 427-6,서울특별시,종로구,창신1동,127.0127015,37.5705633
422,BE_IW10-0370,장소/위치|테마쇼핑,악기,서울시 종로구 낙원동 284-6,서울특별시,종로구,종로1.2.3.4가동,126.9878024,37.5725833
423,BE_IW10-0371,장소/위치|테마쇼핑,신발,서울시 종로구 창신동 438-6,서울특별시,종로구,창신1동,127.0105251,37.5702907
424,BE_IW10-0372,장소/위치|테마쇼핑,음식기계,서울 중구 방산동 19,서울특별시,중구,을지로동,127.0039676,37.5688357
425,BE_IW10-0385,장소/위치|관광안내소,경복궁 ,,,,,126.976907,37.5772746
426,BE_IW10-0386,문화재유산,창덕궁 대조전 봉황도,서울특별시 종로구 와룡동 2-71,서울특별시,종로구,종로1.2.3.4가동,126.9913206,37.5827758
427,BE_IW10-0387,문화재유산,창덕궁 희정당 총석정절경도,서울특별시 종로구 와룡동 2-71,서울특별시,종로구,종로1.2.3.4가동,126.9913206,37.5827758
429,BE_IW10-0350,장소/위치|거리,인사갤러리,서울시 종로구 관훈동 29-23,서울특별시,종로구,종로1.2.3.4가동,126.985695,37.5739901
430,BE_IW10-0351,장소/위치|거리,쉼박물관,서울특별시 종로구 세검정로 209-17 (홍지동),서울특별시,종로구,부암동,126.9556779,37.5995037
431,BE_IW10-0352,장소/위치|거리,윤동주문학관,서울특별시 종로구 창의문로 119 (청운동),서울특별시,종로구,청운효자동,126.9670686,37.5920969
432,BE_IW10-0360,장소/위치|거리,710언아더맨,서울특별시 종로구 창의문로11길 16 (부암동),서울특별시,종로구,부암동,126.9621349,37.5939389
433,BE_IW10-0353,장소/위치|거리,저(箸)집,서울특별시 종로구 창의문로 142-1 (부암동),서울특별시,종로구,부암동,126.9648801,37.5929146
434,BE_IW10-0354,장소/위치|거리,자하미술관,서울특별시 종로구 창의문로5가길 46 (부암동),서울특별시,종로구,부암동,126.9603062,37.5893771
435,BE_IW10-0355,장소/위치|거리,산모퉁이,서울특별시 종로구 백석동길 153 (부암동),서울특별시,종로구,부암동,126.9679756,37.5954257
438,BE_IW10-0358,장소/위치|거리,운현궁,서울시 종로구 운니동 114-10,서울특별시,종로구,종로1.2.3.4가동,126.9871246,37.5761263
439,BE_IW10-0361,장소/위치|테마쇼핑,포목/원단,서울특별시 종로구 종로6가 289-3 ,서울특별시,종로구,종로5.6가동,127.0089118,37.5703924
440,BE_IW10-0362,장소/위치|테마쇼핑,의료기/약품,서울특별시 종로구 종로4가 141-1,서울특별시,종로구,종로1.2.3.4가동,126.9987995,37.5705893
441,BE_IW10-0285,장소/위치|시설|민간시설|공연장,문화공간엘림홀,동숭동195-6,서울특별시,종로구,종로1.2.3.4가동,127.0047888,37.5794029
442,BE_IW10-0286,장소/위치|시설|민간시설|공연장,목금토갤러리,"서울시 종로구 동숭동 1-75 대학로 문화공간 3,4층",서울특별시,종로구,이화동,127.0035361,37.5822908
443,BE_IW10-0287,장소/위치|시설|민간시설|공연장,소극장다르게놀자,종로구 동숭동 1-141,서울특별시,종로구,이화동,127.0039212,37.5800235
444,BE_IW10-0288,장소/위치|시설|민간시설|공연장,세우아트센타,서울시 종로구 동숭동 1-86,서울특별시,종로구,이화동,127.0039755,37.5819611
445,BE_IW10-0289,장소/위치|시설|민간시설|공연장,성균소극장,종로구 명륜동 2가 149번지,서울특별시,종로구,사직동,126.9979936,37.5841545
446,BE_IW10-0290,장소/위치|시설|민간시설|공연장,설치극장정미소,종로구 동숭동 199-17,서울특별시,종로구,이화동,127.0047288,37.5782411
447,BE_IW10-0291,장소/위치|시설|민간시설|공연장,선돌극장,서울시 종로구 명륜1가 46-11,서울특별시,종로구,혜화동,126.9997673,37.5868349
448,BE_IW10-0292,장소/위치|시설|민간시설|공연장,서울연극센터,서울시 종로구 명륜4가 1,서울특별시,종로구,혜화동,127.0013254,37.5834167
449,BE_IW10-0293,장소/위치|시설|민간시설|공연장,"샘터파랑새극장 1관,2관",서울시 종로구 동숭동 1-115,서울특별시,종로구,이화동,127.0023394,37.5815498
450,BE_IW10-0294,장소/위치|시설|민간시설|공연장,샘터갤러리,종로구 동숭동 1-115,서울특별시,종로구,이화동,127.0023394,37.5815498
451,BE_IW10-0295,장소/위치|시설|민간시설|공연장,상상블루 상상화이트소극장,서울시 종로구 동숭동 1-42,서울특별시,종로구,이화동,127.0032958,37.583306
452,BE_IW10-0296,장소/위치|시설|민간시설|공연장,두레홀1관,서울시 종로구 동숭동 1-78,서울특별시,종로구,이화동,127.003718,37.5818876
453,BE_IW10-0297,장소/위치|시설|민간시설|공연장,"동숭아트센터(동숭홀,소극장)",서울시 종로구 동숭동 1-5,서울특별시,종로구,이화동,127.0037106,37.5836832
454,BE_IW10-0298,장소/위치|시설|민간시설|공연장,대학로예술마당1관~4관,서울시 종로구 이화동 139,서울특별시,종로구,이화동,127.0039392,37.5766353
455,BE_IW10-0299,장소/위치|시설|민간시설|공연장,대학로스타시티1~3관,서울시 종로구 명륜4가 113-1 스타시티 빌딩,서울특별시,종로구,혜화동,127.0005725,37.5821171
456,BE_IW10-0300,장소/위치|시설|민간시설|공연장,대학로라이브극장,서울시 종로구 동숭동 1-94 B.1.2.3층,서울특별시,종로구,이화동,127.0037068,37.5812024
457,BE_IW10-0301,장소/위치|시설|민간시설|공연장,대학로극장,서울시 종로구 연건동 178-1 동마루빌딩 지하1층,서울특별시,종로구,이화동,127.0025796,37.5765253
458,BE_IW10-0302,장소/위치|시설|민간시설|공연장,대학로 연습실,서울시 종로구 동숭동 1-43 한석빌딩 1층,서울특별시,종로구,이화동,127.0034767,37.5831733
459,BE_IW10-0303,장소/위치|시설|민간시설|공연장,단막극장,서울시 종로구 동숭동 12-6,서울특별시,종로구,이화동,127.004594,37.5833263
460,BE_IW10-0304,장소/위치|시설|민간시설|공연장,나온씨어터,서울시 종로구 명륜1가 36-4,서울특별시,종로구,혜화동,126.9994075,37.5877182
461,BE_IW10-0305,장소/위치|시설|민간시설|공연장,까망소극장,서울시 종로구 동숭동 1-89,서울특별시,종로구,이화동,127.004012,37.5812365
462,BE_IW10-0306,장소/위치|시설|민간시설|공연장,극공작소마방진,명륜동2가 93번지 두리빌딩 101호,서울특별시,종로구,혜화동,126.9983131,37.5851262
463,BE_IW10-0307,장소/위치|시설|민간시설|공연장,게릴라극장,서울시 종로구 혜화동 15-29,서울특별시,종로구,혜화동,127.0004578,37.5874595
464,BE_IW10-0308,장소/위치|시설|민간시설|영화관,허리우드 클래식,서울특별시 종로구 낙원동 284-6 낙원상가 4층,서울특별시,종로구,종로1.2.3.4가동,126.9878024,37.5725833
465,BE_IW10-0309,장소/위치|시설|민간시설|영화관,CGV 대학로,서울특별시 종로구 명륜2가 41-9,서울특별시,종로구,혜화동,126.9998487,37.5834726
466,BE_IW10-0310,장소/위치|시설|민간시설|영화관,인디스페이스,서울특별시 종로구 신문로2가 1-153,서울특별시,종로구,사직동,126.9717998,37.5705968
467,BE_IW10-0311,장소/위치|시설|민간시설|영화관,서울극장,서울특별시 종로구 관수동 59-7,서울특별시,종로구,종로1.2.3.4가동,126.9919525,37.5697647
468,BE_IW10-0317,장소/위치|대사관,포르투갈 대사관,서울특별시 종로구 원서동 171 원서빌딩 2층,서울특별시,종로구,가회동,126.988419,37.5789779
469,BE_IW10-0312,장소/위치|시설|민간시설|영화관,씨네큐브광화문,서울특별시 종로구 신문로1가 226번지 흥국생명빌딩 지하2층,서울특별시,종로구,사직동,126.9722191,37.5697705
470,BE_IW10-0313,장소/위치|시설|민간시설|영화관,서울 아트 시네마,서울시 종로구 낙원동 284-6,서울특별시,종로구,종로1.2.3.4가동,126.9878024,37.5725833
471,BE_IW10-0314,장소/위치|시설|민간시설|영화관,롯데시네마 피카디리,서울시 종로구 돈의동 137 (주)피카디리극장,서울특별시,종로구,종로1.2.3.4가동,126.9912336,37.5710436
472,BE_IW10-0315,장소/위치|시설|민간시설|영화관,씨네코드 선재,서울특별시 종로구 소격동 144-2번지 (지하1층),서울특별시,종로구,삼청동,126.98185,37.5794229
474,BE_IW10-0318,장소/위치|대사관,파푸아뉴기니대사관,서울특별시 종로구 수송동 58 두산위브파빌리온 210호,서울특별시,종로구,종로1.2.3.4가동,126.9818252,37.5725734
475,BE_IW10-0319,장소/위치|대사관,파나마 대사관,서울특별시 종로구 수송동 85 SOMERSET PALACE SEOUL 407호,서울특별시,종로구,종로1.2.3.4가동,126.9812259,37.5750998
476,BE_IW10-0320,장소/위치|대사관,콩고 민주공화국 대사관,서울특별시 종로구 내수동 167,서울특별시,종로구,사직동,126.9732496,37.5727874
477,BE_IW10-0321,장소/위치|대사관,체코 대사관,서울특별시 종로구 신문로2가 1-121,서울특별시,종로구,사직동,126.9704081,37.5715232
478,BE_IW10-0322,장소/위치|대사관,중화인민공화국 대사관,서울특별시 중구 명동2가 83-7,서울특별시,중구,명동,126.9830613,37.5627724
479,BE_IW10-0323,장소/위치|대사관,일본 대사관,서울특별시 종로구 중학동 18-11,서울특별시,종로구,종로1.2.3.4가동,126.9800727,37.5751689
480,BE_IW10-0324,장소/위치|대사관,이스라엘대사관,서울특별시 종로구 서린동 149,서울특별시,종로구,종로1.2.3.4가동,126.9789341,37.569513
481,BE_IW10-0325,장소/위치|대사관,온두라스 대사관,서울특별시 종로구 종로2가 6,서울특별시,종로구,종로1.2.3.4가동,126.9838679,37.570451
482,BE_IW10-0326,장소/위치|대사관,베네수엘라 대사관,서울특별시 종로구 공평동 100 제일은행빌딩 16층,서울특별시,종로구,종로1.2.3.4가동,126.9823968,37.571117
483,BE_IW10-0327,장소/위치|대사관,미국 대사관,서울특별시 종로구 세종로 32,서울특별시,종로구,사직동,126.9782294,37.5744404
484,BE_IW10-0328,장소/위치|대사관,뉴질랜드 대사관,서울특별시 중구 정동 15-5 정동빌딩 8층,서울특별시,중구,소공동,126.9710859,37.5675045
485,BE_IW10-0329,장소/위치|대사관,네덜란드 대사관,서울특별시 중구 정동 15-5,서울특별시,중구,소공동,126.9710859,37.5675045
486,BE_IW10-0330,장소/위치|대사관,교황청 대사관,서울특별시 종로구 궁정동 2,서울특별시,종로구,청운효자동,126.9727464,37.5852536
487,BE_IW10-0331,장소/위치|대사관,EU 대표부,서울특별시 종로구 신문로1가 116,서울특별시,종로구,사직동,126.9739223,37.5697332
488,BE_IW10-0332,장소/위치|대사관,호주 대사관,서울특별시 종로구 종로1가 1 교보빌딩 19층 ,서울특별시,종로구,종로1.2.3.4가동,126.9778487,37.5705957
489,BE_IW10-0333,장소/위치|대사관,핀란드 대사관,서울시 종로구 종로1  교보빌딩 18층 ,서울특별시,종로구,종로1.2.3.4가동,126.9778487,37.5705957
490,BE_IW10-0334,장소/위치|대사관,폴란드 대사관,서울특별시 종로구 사간동 70,서울특별시,종로구,삼청동,126.9798723,37.5777304
491,BE_IW10-0335,장소/위치|대사관,베트남 대사관,서울특별시 종로구 삼청동 28-37,서울특별시,종로구,삼청동,126.9845803,37.5864665
492,BE_IW10-0336,장소/위치|대사관,브루나이 대사관,서울특별시 종로구 청운동 39-1,서울특별시,종로구,청운효자동,126.9690609,37.5879002
493,BE_IW10-0337,장소/위치|대사관,스위스 대사관,서울특별시 용산구 한남동 657-14,서울특별시,용산구,한남동,127.002629,37.5343949
494,BE_IW10-0338,장소/위치|대사관,아일랜드 대사관,서울특별시 종로구 수송동 146-1,서울특별시,종로구,종로1.2.3.4가동,126.9790119,37.5739157
495,BE_IW10-0339,장소/위치|대사관,오스트리아 대사관,서울특별시 종로구 종로1가 1,서울특별시,종로구,종로1.2.3.4가동,126.9778487,37.5705957
496,BE_IW10-0340,장소/위치|대사관,에콰도르 대사관,서울특별시 종로구 공평동 100,서울특별시,종로구,종로1.2.3.4가동,126.9823968,37.571117
500,BE_IW10-0344,장소/위치|거리,북촌한옥마을,서울 종로구 가회동 156,서울특별시,종로구,가회동,126.9848026,37.5801049
501,BE_IW10-0215,장소/위치|시설|민간시설|공연장,"아르코예술극장(대극장,소극장)",서울시 종로구 동숭동 1-130,서울특별시,종로구,이화동,127.002897,37.5799333
502,BE_IW10-0216,장소/위치|시설|민간시설|공연장,아르코미술관,서울시 종로구 동숭동 1-130,서울특별시,종로구,이화동,127.002897,37.5799333
503,BE_IW10-0217,장소/위치|시설|민간시설|공연장,씨어터디아더,서울시 종로구 동숭동 1-132,서울특별시,종로구,이화동,127.0034997,37.5801274
504,BE_IW10-0218,장소/위치|시설|민간시설|공연장,씨어터SH,종로구 동숭동 1-131,서울특별시,종로구,이화동,127.0034928,37.5799234
505,BE_IW10-0219,장소/위치|시설|민간시설|공연장,"인켈아트홀1관,2관",서울시 종로구 명륜2가 41-4,서울특별시,종로구,혜화동,127.0000193,37.5837064
506,BE_IW10-0220,장소/위치|시설|민간시설|공연장,인아소극장,명륜동2가 21-10,서울특별시,종로구,혜화동,127.0005825,37.5839131
507,BE_IW10-0221,장소/위치|시설|민간시설|공연장,이앙갤러리,종로구 혜화동 90-18,서울특별시,종로구,혜화동,127.0020828,37.5842584
508,BE_IW10-0222,장소/위치|시설|민간시설|공연장,이랑씨어터,서울시 종로구 동숭동 187-12(태림빌딩 지하층),서울특별시,종로구,이화동,127.0042836,37.5797085
509,BE_IW10-0223,장소/위치|시설|민간시설|공연장,의학박물관,종로구 연건동 28번지 서울대학교병원 내 의학박물관,서울특별시,종로구,이화동,126.9991995,37.5769331
510,BE_IW10-0224,장소/위치|시설|민간시설|공연장,"원더스페이스(세모,네모,동그라미극장)",종로구 혜화동 163-24번지,서울특별시,종로구,혜화동,127.0023442,37.5846227
511,BE_IW10-0225,장소/위치|시설|민간시설|공연장,우석레퍼토리극장,서울시 종로구 명륜2가 142-1,서울특별시,종로구,혜화동,126.9973146,37.5843775
512,BE_IW10-0226,장소/위치|시설|민간시설|공연장,예총회관,서울시 종로구 동숭동 1-117,서울특별시,종로구,이화동,127.002392,37.5812068
513,BE_IW10-0227,장소/위치|시설|민간시설|공연장,예술극장나무와물,서울시 종로구 명륜2가 8-1,서울특별시,종로구,혜화동,127.0003603,37.584876
514,BE_IW10-0228,장소/위치|시설|민간시설|공연장,"쇼틱씨어터1관,2관",서울시 종로구 동숭동 1-50,서울특별시,종로구,이화동,127.0030548,37.5830151
515,BE_IW10-0229,장소/위치|시설|민간시설|공연장,환희소극장,명륜동2가 8-16,서울특별시,종로구,이화동,126.9996944,37.584735
516,BE_IW10-0230,장소/위치|시설|민간시설|공연장,홍사소극장,종로구 명륜동 2가 18번지,서울특별시,종로구,사직동,127.0008036,37.5843532
517,BE_IW10-0231,장소/위치|시설|민간시설|공연장,허밍스아트홀,종로구 동숭동 1-57,서울특별시,종로구,이화동,127.0024462,37.582508
519,BE_IW10-0233,장소/위치|시설|민간시설|공연장,한얼소극장,명륜2가 155-1,서울특별시,종로구,혜화동,126.9985235,37.5847055
520,BE_IW10-0234,장소/위치|시설|민간시설|공연장,한양레퍼토리씨어터,종로구 혜화동 185번지 중원빌딩 B1,서울특별시,종로구,혜화동,127.0019925,37.5839674
521,BE_IW10-0235,장소/위치|시설|민간시설|공연장,한국문화예술위원회,서울시 종로구 동숭동 1-111,서울특별시,종로구,이화동,127.0029704,37.5811989
522,BE_IW10-0236,장소/위치|시설|민간시설|공연장,학전블루,서울시 종로구 동숭동 1-79,서울특별시,종로구,이화동,127.0037202,37.5820901
523,BE_IW10-0237,장소/위치|시설|민간시설|공연장,학전그린,서울시 종로구 동숭동 1-8,서울특별시,종로구,이화동,127.0030779,37.5839027
524,BE_IW10-0238,장소/위치|시설|민간시설|공연장,동숭무대소극장,서울시 종로구 혜화동 109-1,서울특별시,종로구,혜화동,127.0005348,37.5864953
525,BE_IW10-0239,장소/위치|시설|민간시설|공연장,동숭갤러리,서울시 종로구 명륜2가 22-2,서울특별시,종로구,혜화동,127.0009638,37.5841497
526,BE_IW10-0240,장소/위치|시설|민간시설|공연장,동덕여대공연예술센터대극장,서울시 종로구 동숭동 1-6,서울특별시,종로구,이화동,127.0033277,37.5837434
527,BE_IW10-0241,장소/위치|시설|민간시설|공연장,더굿씨어터,종로구 혜화동 185번지 지하2층,서울특별시,종로구,혜화동,127.0019925,37.5839674
528,BE_IW10-0242,장소/위치|시설|민간시설|공연장,대학로우리극장,서울시 종로구 동숭동 1-58,서울특별시,종로구,이화동,127.0025176,37.5822992
529,BE_IW10-0243,장소/위치|시설|민간시설|공연장,하이퍼텍나다,종로구 동숭동 1-5번지 동숭아트센터 본관1층,서울특별시,종로구,이화동,127.0037106,37.5836832
530,BE_IW10-0244,장소/위치|시설|민간시설|공연장,풍기문란센터,종로구 명륜동 2가 160-2,서울특별시,종로구,청운효자동,126.9988242,37.5844353
531,BE_IW10-0245,장소/위치|시설|민간시설|공연장,폴리미디어씨어터,종로구 동숭동 1-75 대학로 문화공간 지하1층,서울특별시,종로구,이화동,127.0035361,37.5822908
532,BE_IW10-0246,장소/위치|시설|민간시설|공연장,틴틴홀,종로구 동숭동 1-74 티제이스페이스빌딩 6층,서울특별시,종로구,이화동,127.0035347,37.5825002
533,BE_IW10-0247,장소/위치|시설|민간시설|공연장,청운예술극장,종로구 연건동 178-1 동마루빌딩 4층,서울특별시,종로구,이화동,127.0025796,37.5765253
534,BE_IW10-0192,문화재유산|문화재구분|조형물|표석|갤러리/미술관,갤러리 라메르,서울시 종로구 인사동 194 홍익빌딩,서울특별시,종로구,종로1.2.3.4가동,126.9846413,37.5724798
535,BE_IW10-0193,문화재유산|문화재구분|조형물|표석|갤러리/미술관,대안공간 풀,서울시 종로구 구기동 56-13,서울특별시,종로구,평창동,126.9592181,37.6064155
536,BE_IW10-0176,문화재유산|문화재구분|조형물|표석|갤러리/미술관,아트선재센터,서울특별시 종로구 소격동 144-2,서울특별시,종로구,삼청동,126.98185,37.5794229
537,BE_IW10-0194,문화재유산|문화재구분|조형물|표석|갤러리/미술관,공 갤러리,서울시 종로구 관훈동 23,서울특별시,종로구,종로1.2.3.4가동,126.9854287,37.5737939
538,BE_IW10-0195,문화재유산|문화재구분|조형물|표석|갤러리/미술관,갤러리인,서울시 종로구 팔판동 141,서울특별시,종로구,삼청동,126.9804626,37.5817592
539,BE_IW10-0196,문화재유산|문화재구분|조형물|표석|갤러리/미술관,아이스 갤러리,서울 종로구 화동 138-7 (정독도서관 맞은편),서울특별시,종로구,삼청동,126.9825512,37.5793438
540,BE_IW10-0197,문화재유산|문화재구분|수목|보호수|문화원,주한영국문화원,서울특별시 종로구 신문로1가 226번지 흥국생명빌딩 4층,서울특별시,종로구,사직동,126.9722191,37.5697705
541,BE_IW10-0198,문화재유산|문화재구분|수목|보호수|문화원,북촌문화센터,서울특별시 종로구 계동 105번지,서울특별시,종로구,가회동,126.9864295,37.5790692
542,BE_IW10-0199,문화재유산|문화재구분|수목|보호수|문화원,주한중국문화원,서울특별시 종로구 내자동 200번지 주한중국문화원,서울특별시,종로구,사직동,126.9713733,37.5746207
543,BE_IW10-0200,문화재유산|문화재구분|수목|보호수|문화원,일본공보문화원,서울특별시 종로구 운니동 114-8,서울특별시,종로구,종로1.2.3.4가동,126.9866557,37.5768055
554,BE_IW10-0169,문화재유산|문화재구분|조형물|표석|갤러리/미술관,국제화랑,서울시 종로구 소격동 59-1,서울특별시,종로구,삼청동,126.9804724,37.5807298
555,BE_IW10-0170,문화재유산|문화재구분|조형물|표석|갤러리/미술관,가람화랑,서울시 종로구 관훈동 30-10,서울특별시,종로구,종로1.2.3.4가동,126.9856175,37.574298
556,BE_IW10-0171,문화재유산|문화재구분|조형물|표석|갤러리/미술관,청계창작스튜디오,"서울시 종로구 장사동 227-1 센추럴관광호텔 1, 3F",서울특별시,종로구,종로1.2.3.4가동,126.992899,37.5688002
557,BE_IW10-0172,문화재유산|문화재구분|조형물|표석|갤러리/미술관,환기미술관,서울특별시 종로구 부암동 210-8 (환기미술관1길 23),서울특별시,종로구,부암동,126.9664362,37.5944071
558,BE_IW10-0173,문화재유산|문화재구분|조형물|표석|갤러리/미술관,경인미술관,서울특별시 종로구 관훈동 30-1,서울특별시,종로구,종로1.2.3.4가동,126.985618,37.5745209
559,BE_IW10-0174,문화재유산|문화재구분|조형물|표석|갤러리/미술관,학고재,서울시 종로구 관훈동 100-5,서울특별시,종로구,종로1.2.3.4가동,126.9841605,37.574813
560,BE_IW10-0175,문화재유산|문화재구분|조형물|표석|갤러리/미술관,본화랑,서울시 종로구 견지동 30,서울특별시,종로구,종로1.2.3.4가동,126.9826395,37.5749208
561,BE_IW10-0177,문화재유산|문화재구분|조형물|표석|갤러리/미술관,금호아트갤러리,서울시 종로구 사간동 78,서울특별시,종로구,삼청동,126.9798219,37.577477
562,BE_IW10-0178,문화재유산|문화재구분|조형물|표석|갤러리/미술관,사비나미술관,서울특별시 종로구 안국동 159,서울특별시,종로구,삼청동,126.984583,37.576588
563,BE_IW10-0179,문화재유산|문화재구분|조형물|표석|갤러리/미술관,갤러리가이아,서울특별시 종로구 관훈동 145,서울특별시,종로구,종로1.2.3.4가동,126.9834469,37.5750728
564,BE_IW10-0180,문화재유산|문화재구분|조형물|표석|갤러리/미술관,갤러리미즈,서울특별시 종로구 관훈동 37 수도빌딩 지하1층,서울특별시,종로구,종로1.2.3.4가동,126.985152,37.5740529
565,BE_IW10-0181,문화재유산|문화재구분|조형물|표석|갤러리/미술관,관훈갤러리,서울시 종로구 관훈동 195,서울특별시,종로구,종로1.2.3.4가동,126.9843622,37.5736791
566,BE_IW10-0182,문화재유산|문화재구분|조형물|표석|갤러리/미술관,동산방화랑, 서울특별시 종로구 견지동 93,서울특별시,종로구,종로1.2.3.4가동,126.9833743,37.5729287
567,BE_IW10-0183,문화재유산|문화재구분|조형물|표석|갤러리/미술관,동서화랑,서울특별시 종로구 관훈동 196 - 3,서울특별시,종로구,종로1.2.3.4가동,126.9853652,37.5736068
568,BE_IW10-0184,문화재유산|문화재구분|조형물|표석|갤러리/미술관,단성갤러리,서울시 종로구 관훈동 27-5,서울특별시,종로구,종로1.2.3.4가동,126.9852857,37.5738973
569,BE_IW10-0185,문화재유산|문화재구분|조형물|표석|갤러리/미술관,목금토갤러리,서울시 종로구 동숭동 1-75,서울특별시,종로구,이화동,127.0035361,37.5822908
570,BE_IW10-0186,문화재유산|문화재구분|조형물|표석|갤러리/미술관,갤러리 세줄,서울특별시 종로구 평창동 464-13,서울특별시,종로구,평창동,126.9751244,37.6134542
571,BE_IW10-0187,문화재유산|문화재구분|조형물|표석|갤러리/미술관,두아트(동문당 화랑),서울시 종로구 관훈동 105,서울특별시,종로구,종로1.2.3.4가동,126.9840363,37.5749107
572,BE_IW10-0188,문화재유산|문화재구분|조형물|표석|갤러리/미술관,공평아트센터,서울시 종로구 공평동 5-1,서울특별시,종로구,종로1.2.3.4가동,126.9835909,37.571894
573,BE_IW10-0189,문화재유산|문화재구분|조형물|표석|갤러리/미술관,불교미술관,서울특별시 종로구 견지동 38-2,서울특별시,종로구,종로1.2.3.4가동,126.9827322,37.5741253
574,BE_IW10-0190,문화재유산|문화재구분|조형물|표석|갤러리/미술관,금호미술관,서울시 종로구 사간동 78,서울특별시,종로구,삼청동,126.9798219,37.577477
575,BE_IW10-0191,문화재유산|문화재구분|조형물|표석|갤러리/미술관,다보성 전시관(갤러리),서울특별시 종로구 경운동 88 수운회관 1층(2층 다보성 갤러리),서울특별시,종로구,종로1.2.3.4가동,126.9862771,37.5753081
623,BE_IW10-0453,문화재유산|문화재구분|동묘,서울 동묘,서울특별시 종로구 숭인동 238-1번지,서울특별시,종로구,숭인2동,127.0183336,37.57298
624,BE_IW10-0454,문화재유산|문화재구분|사당,서울 육상궁,서울특별시 종로구 궁정동 1-1,서울특별시,종로구,청운효자동,126.9735214,37.5855189
625,BE_IW10-0455,문화재유산|문화재구분|사당,선희궁 터,서울특별시 종로구 신교동 산1-1,서울특별시,종로구,청운효자동,126.9685889,37.5850472
627,BE_IW10-0607,문화재유산|문화재구분|조형물,좌포도청(左捕盜廳) 터,서울특별시 종로구 종로3가 123-2,서울특별시,종로구,종로1.2.3.4가동,126.9912948,37.5701252
628,BE_IW10-0608,문화재유산|문화재구분|조형물,종침교(琮琛橋) 터,서울특별시 종로구 내자동 일반 223번지,서울특별시,종로구,사직동,126.9716,37.5754
629,BE_IW10-0609,문화재유산|문화재구분|조형물,종친부터(宗親府址),서울특별시 종로구 소격동 165번지,서울특별시,종로구,삼청동,126.9805749,37.5795174
630,BE_IW10-0610,문화재유산|문화재구분|조형물,종부시(宗簿寺) 터,서울특별시 종로구 와룡동 139번지,서울특별시,종로구,종로1.2.3.4가동,126.9901739,37.5764133
631,BE_IW10-0611,문화재유산|문화재구분|조형물,이석형(李石亨) 생가터,서울특별시 종로구 연건동 28-21,서울특별시,종로구,이화동,126.9987981,37.579166
632,BE_IW10-0612,문화재유산|문화재구분|조형물,이상집터(李箱家址),서울특별시 종로구 통인동 156-2번지,서울특별시,종로구,청운효자동,126.9713447,37.5785049
633,BE_IW10-0613,문화재유산|문화재구분|조형물,제용감터(濟用監),서울특별시 종로구 중학동 54번지,서울특별시,종로구,종로1.2.3.4가동,126.9792124,37.5744174
634,BE_IW10-0727,문화재유산|문화재구분|조형물,공조터(工曹址),서울특별시 종로구 도렴동 80-2번지,서울특별시,종로구,사직동,126.9752391,37.5722383
635,BE_IW10-0728,문화재유산|문화재구분|조형물,계동궁(桂洞宮) 터,서울특별시 종로구 계동 140-2번지,서울특별시,종로구,가회동,126.9873971,37.5784138
636,BE_IW10-0729,문화재유산|문화재구분|조형물,경조아문터,서울특별시 종로구 세종로 100,서울특별시,종로구,사직동,126.9782088,37.5721655
637,BE_IW10-0730,문화재유산|문화재구분|조형물,경우궁터(景祐宮址),서울특별시 종로구 계동 146-2번지,서울특별시,종로구,가회동,126.9865825,37.5773448
638,BE_IW10-0731,문화재유산|문화재구분|조형물,김상용집(金尙容家) 터,서울특별시 종로구 청운동 52-8번지,서울특별시,종로구,청운효자동,126.9686906,37.5867398
639,BE_IW10-0732,문화재유산|문화재구분|조형물,김상옥(金相玉) 의거터,서울특별시 종로구 종로2가동 8-4번지,서울특별시,종로구,청운효자동,126.9780787,37.570444
640,BE_IW10-0733,문화재유산|문화재구분|조형물,김가진집터(金嘉鎭家址),서울특별시 종로구 체부동 45-2번지,서울특별시,종로구,사직동,126.9720433,37.5772317
641,BE_IW10-0734,문화재유산|문화재구분|조형물,경기감영(京畿監營) 터,서울특별시 종로구 평동 164번지,서울특별시,종로구,교남동,126.9669627,37.5673135
642,BE_IW10-0769,문화재유산|문화재구분|조형물,염상섭선생동상,서울특별시 종로구 훈정동 90번지 종묘시민공원,서울특별시,종로구,종로1.2.3.4가동,126.977675,37.570053
643,BE_IW10-0770,문화재유산|문화재구분|조형물,최규식 경무관 동상,서울특별시 종로구 청운동 산 1-1,서울특별시,종로구,청운효자동,126.9693998,37.5907634
644,BE_IW10-0771,문화재유산|문화재구분|조형물,이상재선생 동상,서울특별시 종로구 훈정동 90번지 종묘시민광장,서울특별시,종로구,종로1.2.3.4가동,126.977675,37.570053
645,BE_IW10-0528,문화재유산|문화재구분|종교문화재,청량산괘불탱,서울특별시 종로구 창신동 130-3 안양암내,서울특별시,종로구,창신1동,127.013769,37.5755637
646,BE_IW10-0529,문화재유산|문화재구분|종교문화재,의겸등필수월관음도,서울특별시 종로구 창신동 130-3,서울특별시,종로구,창신1동,127.013769,37.5755637
647,BE_IW10-0614,문화재유산|문화재구분|조형물,제생원(濟生院) 터,서울특별시 종로구 계동 140-2번지,서울특별시,종로구,가회동,126.9873971,37.5784138
648,BE_IW10-0615,문화재유산|문화재구분|조형물,정철선생(鄭澈先生) 나신 곳,서울특별시 종로구 청운동 123번지,서울특별시,종로구,청운효자동,126.969628,37.5856345
649,BE_IW10-0616,문화재유산|문화재구분|조형물,정도전(鄭道傳) 집터,서울특별시 종로구 수송동 146-2번지,서울특별시,종로구,종로1.2.3.4가동,126.979262,37.5729289
650,BE_IW10-0617,문화재유산|문화재구분|조형물,전차차고(電車車庫) 터,서울특별시 종로구 종로6가 일반 94-1번지,서울특별시,종로구,종로5.6가동,126.9838679,37.570451
651,BE_IW10-0618,문화재유산|문화재구분|조형물,전의감(典醫監) 터,서울특별시 종로구 견지동 39-7번지,서울특별시,종로구,종로1.2.3.4가동,126.9826182,37.5744559
652,BE_IW10-0619,문화재유산|문화재구분|조형물,육의전(六矣廛) 터,서울특별시 종로구 종로2가 일반 31번지,서울특별시,종로구,종로1.2.3.4가동,126.9895626,37.5705897
653,BE_IW10-0620,문화재유산|문화재구분|조형물,장흥고터(長興庫址),서울특별시 종로구 적선동 107-1번지,서울특별시,종로구,사직동,126.9728685,37.5761659
654,BE_IW10-0735,문화재유산|문화재구분|조형물,감고당터(感古堂址),서울특별시 종로구 안국동 37-1번지,서울특별시,종로구,삼청동,126.9826151,37.5780462
655,BE_IW10-0736,문화재유산|문화재구분|조형물,선창터,서울특별시 종로구 종로3가 23-1번지,서울특별시,종로구,종로1.2.3.4가동,126.9919031,37.5707132
656,BE_IW10-0737,문화재유산|문화재구분|조형물,중앙학림,서울특별시 종로구 명륜1가 5-1번지,서울특별시,종로구,혜화동,127.0003884,37.5916677
657,BE_IW10-0738,문화재유산|문화재구분|조형물,종로YMCA,서울특별시 종로구 종로2가 9번지,서울특별시,종로구,종로1.2.3.4가동,126.985291,37.5706082
658,BE_IW10-0739,문화재유산|문화재구분|조형물,유심사,서울특별시 종로구 계동 58번지,서울특별시,종로구,가회동,126.9870006,37.5821604
659,BE_IW10-0740,문화재유산|문화재구분|조형물,권율도원수집터,서울특별시 종로구 행촌동 1-113번지,서울특별시,종로구,교남동,126.9640074,37.5732095
660,BE_IW10-0741,문화재유산|문화재구분|조형물,광혜원(廣惠院) 터,서울특별시 종로구 재동 83번지,서울특별시,종로구,가회동,126.9847615,37.578045
661,BE_IW10-0742,문화재유산|문화재구분|조형물,관수교(觀水橋) 터,서울특별시 종로구 관수동 일반 91-1번지,서울특별시,종로구,종로1.2.3.4가동,126.9906,37.5691
662,BE_IW10-0772,문화재유산|문화재구분|조형물,손병희 선생,서울특별시 종로구 종로2가 38-1 탑골공원,서울특별시,종로구,종로1.2.3.4가동,126.988348,37.571206
663,BE_IW10-0773,문화재유산|문화재구분|조형물,옥파 이종일 선생 동상,서울특별시 종로구 수송동 80-7 수송공원,서울특별시,종로구,종로1.2.3.4가동,126.9811467,37.5738539
664,BE_IW10-0530,문화재유산|문화재구분|종교문화재,김수온발선종영가집(金守溫跋禪宗永嘉集),서울특별시 종로구  신문로 2가 2-1 서울특별시립박물관,서울특별시,종로구,종로1.2.3.4가동,126.9688348,37.5707649
665,BE_IW10-0531,문화재유산|문화재구분|종교문화재,조계사목석가불좌상,서울특별시 종로구 견지동 45,서울특별시,종로구,종로1.2.3.4가동,126.9823368,37.5739012
666,BE_IW10-0532,문화재유산|문화재구분|종교문화재,서울 장의사지 당간지주,종로구 신영동 218-9,서울특별시,종로구,부암동,126.9611862,37.6026161
667,BE_IW10-0745,문화재유산|문화재구분|조형물,경모궁터(景慕宮址),서울특별시 종로구 연건동 28-22번지,서울특별시,종로구,이화동,126.9990217,37.5773513
668,BE_IW10-0533,문화재유산|문화재구분|종교문화재,천도교중앙대교당,서울특별시 종로구 경운동 88,서울특별시,종로구,종로1.2.3.4가동,126.9862771,37.5753081
669,BE_IW10-0621,문화재유산|문화재구분|조형물,장원서터(掌苑署址),서울특별시 종로구 화동2번지,서울특별시,종로구,종로1.2.3.4가동,126.9831241,37.5807844
670,BE_IW10-0622,문화재유산|문화재구분|조형물,장예원터(掌隸院址),서울특별시 종로구 당주동 11번지,서울특별시,종로구,사직동,126.9748993,37.57196
672,BE_IW10-0624,문화재유산|문화재구분|조형물,자수궁터(慈壽宮址),서울특별시 종로구 옥인동 45-1번지,서울특별시,종로구,청운효자동,126.9682289,37.5822949
673,BE_IW10-0625,문화재유산|문화재구분|조형물,이현궁(梨峴宮) 터,서울특별시 종로구 인의동 48번지,서울특별시,종로구,종로1.2.3.4가동,126.9990685,37.5724941
674,BE_IW10-0626,문화재유산|문화재구분|조형물,이항복(李恒福) 집터,서울특별시 종로구 필운동 산1-2번지,서울특별시,종로구,사직동,126.9663079,37.5781153
675,BE_IW10-0627,문화재유산|문화재구분|조형물,이조(吏曹) 터,서울특별시 종로구 세종로동 82-1번지,서울특별시,종로구,사직동,126.979642,37.573033
676,BE_IW10-0628,문화재유산|문화재구분|조형물,이율곡선생 살던집터,서울특별시 종로구 관훈동 197-28,서울특별시,종로구,종로1.2.3.4가동,126.9854649,37.5731065
677,BE_IW10-0629,문화재유산|문화재구분|조형물,용동궁(龍洞宮) 터,서울특별시 종로구 수송동 일반 80번지,서울특별시,종로구,종로1.2.3.4가동,126.9806,37.5737
678,BE_IW10-0743,문화재유산|문화재구분|조형물,경시서(京市署) 터,서울특별시 종로구 종로2가 40번지,서울특별시,종로구,종로1.2.3.4가동,126.9890881,37.5705405
679,BE_IW10-0744,문화재유산|문화재구분|조형물,경성궤도회사(京城軌道) 터,서울특별시 종로구 창신동 444-14번지,서울특별시,종로구,창신1동,127.0103711,37.570918
680,BE_IW10-0746,문화재유산|문화재구분|조형물,승동교회,서울특별시 종로구 인사동 137번지,서울특별시,종로구,종로1.2.3.4가동,126.9861167,37.5715664
681,BE_IW10-0747,문화재유산|문화재구분|조형물,보신각앞,서울특별시 종로구 관철동 45-5번지,서울특별시,종로구,종로1.2.3.4가동,126.9835841,37.5698422
682,BE_IW10-0748,문화재유산|문화재구분|조형물,보성사,서울특별시 종로구 수송동 80-7번지,서울특별시,종로구,종로1.2.3.4가동,126.9811467,37.5738539
683,BE_IW10-0749,문화재유산|문화재구분|조형물,창경궁내 팔각칠층석탑,서울특별시 종로구 와룡동 2-1,서울특별시,종로구,종로1.2.3.4가동,126.9950431,37.5805909
684,BE_IW10-0534,문화재유산|문화재구분|종교문화재,인왕산 국사당,서울특별시 종로구 무악동 산 2-12,서울특별시,종로구,무악동,126.959582,37.5787901
685,BE_IW10-0535,문화재유산|문화재구분|종교문화재,평창동 보현산신각,서울특별시 종로구 평창동 541-1,서울특별시,종로구,평창동,126.9660988,37.6143202
686,BE_IW10-0536,문화재유산|문화재구분|종교문화재,청룡사,서울특별시 종로구 숭인동 17-1번지,서울특별시,종로구,숭인1동,127.0167666,37.5799125
687,BE_IW10-0630,문화재유산|문화재구분|조형물,이상재선생(李商在先生) 집터,서울특별시 종로구 가회동 156번지,서울특별시,종로구,가회동,126.9847947,37.580111
688,BE_IW10-0631,문화재유산|문화재구분|조형물,이문터(里門址),서울특별시 종로구 종로2가 22-2번지,서울특별시,종로구,종로1.2.3.4가동,126.9871408,37.5704428
689,BE_IW10-0632,문화재유산|문화재구분|조형물,이동녕주석 집터,서울특별시 종로구 봉익동 60번지,서울특별시,종로구,종로1.2.3.4가동,126.993694,37.5716584
690,BE_IW10-0633,문화재유산|문화재구분|조형물,의정부(義政部)터,서울특별시 종로구 세종로동 76-4번지,서울특별시,종로구,삼청동,126.979642,37.573033
691,BE_IW10-0634,문화재유산|문화재구분|조형물,의영고(義盈庫) 터,서울특별시 종로구 도렴동 95-1번지,서울특별시,종로구,사직동,126.9750315,37.5736161
692,BE_IW10-0635,문화재유산|문화재구분|조형물,의금부(義禁府) 터,서울특별시 종로구 공평동 일반 100번지,서울특별시,종로구,종로1.2.3.4가동,126.9828,37.5711
693,BE_IW10-0750,문화재유산|문화재구분|조형물,3.1정신찬양비,서울 종로구 종로2가 탑골공원내,서울특별시,종로구,종로1.2.3.4가동,126.9895626,37.5705897
694,BE_IW10-0752,문화재유산|문화재구분|조형물,매바위,서울특별시 종로구 무악동,서울특별시,종로구,무악동,126.9580981,37.5760084
695,BE_IW10-0753,문화재유산|문화재구분|조형물,대한민국 어머니 헌장비,서울특별시 종로구 사직동 1-48  사직공원,서울특별시,종로구,사직동,126.9655759,37.572297
696,BE_IW10-0754,문화재유산|문화재구분|조형물,함석헌 선생 시비,서울특별시 종로구 동숭동 1-119 마로니에공원내,서울특별시,종로구,이화동,127.002437,37.5809403
697,BE_IW10-0755,문화재유산|문화재구분|조형물,서울대학교 유적기념비,서울특별시 종로구 동숭동 1-119 마로니에공원내,서울특별시,종로구,이화동,127.002437,37.5809403
698,BE_IW10-0774,문화재유산|문화재구분|조형물,이율곡 선생 동상,서울특별시 종로구 사직동 1-48 사직공원 내,서울특별시,종로구,사직동,126.9655759,37.572297
699,BE_IW10-0775,문화재유산|문화재구분|조형물,김상옥열사 동상,서울특별시 종로구 동숭동 1-119 마로니에공원,서울특별시,종로구,이화동,127.002437,37.5809403
701,BE_IW10-0537,문화재유산|문화재구분|종교문화재,인왕사,서울특별시 종로구 무악동 산3번지,서울특별시,종로구,무악동,126.9562643,37.5758501
702,BE_IW10-0538,문화재유산|문화재구분|종교문화재,묘각사,서울특별시 종로구 숭인동 178-3번지,서울특별시,종로구,숭인1동,127.0187664,37.5755039
703,BE_IW10-0539,문화재유산|문화재구분|종교문화재,조계사,서울특별시 종로구 견지동 45번지,서울특별시,종로구,종로1.2.3.4가동,126.9823368,37.5739012
704,BE_IW10-0540,문화재유산|문화재구분|종교문화재,안양암,서울특별시 종로구 창신동 130-1,서울특별시,종로구,창신1동,127.0133571,37.5754539
705,BE_IW10-0638,문화재유산|문화재구분|조형물,육군무관학교터(陸軍武官學校),서울특별시 종로구 신문로1가 일반 238번지,서울특별시,종로구,사직동,126.9761849,37.5704858
706,BE_IW10-0639,문화재유산|문화재구분|조형물,월사 이정귀집터 (月沙 李廷龜家址),서울특별시 종로구 명륜4가 206-54,서울특별시,종로구,혜화동,126.9977977,37.5819565
707,BE_IW10-0636,문화재유산|문화재구분|조형물,양현고(養賢庫) 터,서울특별시 종로구 명륜3가 2-1번지,서울특별시,종로구,혜화동,126.9965038,37.5876981
708,BE_IW10-0637,문화재유산|문화재구분|조형물,야주개터(夜珠峴址),서울특별시 종로구 신문로1가 23번지,서울특별시,종로구,사직동,126.974814,37.570423
709,BE_IW10-0640,문화재유산|문화재구분|조형물,원각사(圓覺社) 터,서울특별시 종로구 신문로1가 42번지,서울특별시,종로구,사직동,126.9734104,37.5706533
710,BE_IW10-0641,문화재유산|문화재구분|조형물,우포도청(右捕盜廳) 터,서울특별시 종로구 세종로동 139-8,서울특별시,종로구,종로1.2.3.4가동,126.979642,37.573033
711,BE_IW10-0642,문화재유산|문화재구분|조형물,우산각(雨傘閣) 터,서울특별시 종로구 숭인동 9-13번지,서울특별시,종로구,숭인1동,127.0154862,37.5792582
712,BE_IW10-0643,문화재유산|문화재구분|조형물,우미관터(優美館址),서울특별시 종로구 종로1가 75-2번지,서울특별시,종로구,종로1.2.3.4가동,126.9843088,37.5747426
714,BE_IW10-0757,문화재유산|문화재구분|조형물,한국일보사 창간 20주년 기념비,서울특별시 종로구 삼청동 산2 (삼청공원),서울특별시,종로구,삼청동,126.9808095,37.5885407
715,BE_IW10-0758,문화재유산|문화재구분|조형물,하마비(下馬碑),서울특별시 종로구 숭인동 238-1번지,서울특별시,종로구,숭인2동,127.0183336,37.57298
716,BE_IW10-0759,문화재유산|문화재구분|조형물,선바위,서울특별시 종로구 무악동 산3-4,서울특별시,종로구,무악동,126.956449,37.5793566
717,BE_IW10-0777,문화재유산|문화재구분|조형물,서울 원각사지 십층석탑,서울특별시 종로구 종로2가동 38 탑골공원 내,서울특별시,종로구,사직동,126.9842159,37.571359
718,BE_IW10-0778,문화재유산|문화재구분|조형물,3.1독립기념탑,서울특별시 종로구 종로2가 38 탑골공원 내,서울특별시,종로구,종로1.2.3.4가동,126.988348,37.571206
719,BE_IW10-0779,문화재유산|문화재구분|조형물,신사임당 동상,서울특별시 종로구 사직동 1-48  사직공원 내,서울특별시,종로구,사직동,126.9655759,37.572297
720,BE_IW10-0541,문화재유산|문화재구분|종교문화재,일선사,서울특별시 종로구 평창동 산6-1번지,서울특별시,종로구,평창동,126.9741928,37.6227107
721,BE_IW10-0644,문화재유산|문화재구분|조형물,용성스님거주터,서울특별시 종로구 봉익동 일반 2번지,서울특별시,종로구,종로1.2.3.4가동,126.992966,37.5721762
722,BE_IW10-0645,문화재유산|문화재구분|조형물,손병희선생집터,서울특별시 종로구 가회동 170-4번지,서울특별시,종로구,가회동,126.9847684,37.5803381
723,BE_IW10-0646,문화재유산|문화재구분|조형물,오간수문(五間水門) 터,서울특별시 종로구 종로6가동 289-3,서울특별시,종로구,종로1.2.3.4가동,126.9838679,37.570451
724,BE_IW10-0647,문화재유산|문화재구분|조형물,예조(禮曹) 터,서울특별시 종로구 세종로동 일반 77-6번지,서울특별시,종로구,사직동,126.979642,37.573033
725,BE_IW10-0648,문화재유산|문화재구분|조형물,여인시장터(女人市場址),서울특별시 종로구 숭인동 242-1번지,서울특별시,종로구,숭인2동,127.0176267,37.571855
726,BE_IW10-0649,문화재유산|문화재구분|조형물,여운형집(呂運亨家) 터,서울특별시 종로구 계동 일반 140-16,서울특별시,종로구,가회동,126.987,37.5804
727,BE_IW10-0650,문화재유산|문화재구분|조형물,여단(濾壇) 터,서울특별시 종로구 평창동 113-1번지,서울특별시,종로구,평창동,126.9770283,37.6110973
728,BE_IW10-0651,문화재유산|문화재구분|조형물,어의궁터(於義宮址),서울특별시 종로구 효제동 22-3번지,서울특별시,종로구,종로5.6가동,127.0018918,37.574964
729,BE_IW10-0652,문화재유산|문화재구분|조형물,어유구집터(魚有龜家址),서울특별시 종로구 명륜2가 21-26,서울특별시,종로구,혜화동,127.0003237,37.5841909
730,BE_IW10-0760,문화재유산|문화재구분|조형물,3.1독립 부조판,서울 종로구 종로2가 탑골공원내,서울특별시,종로구,종로1.2.3.4가동,126.9895626,37.5705897
732,BE_IW10-0780,문화재유산|문화재구분|조형물,이순신 장군,서울특별시 종로구 세종로 광화문 녹지대,서울특별시,종로구,청운효자동,126.9767571,37.5802853
733,BE_IW10-0542,문화재유산|문화재구분|종교문화재,승가사,서울특별시 종로구 구기동 산1번지,서울특별시,종로구,평창동,126.9740093,37.6314807
734,BE_IW10-0653,문화재유산|문화재구분|조형물,어영청(御營廳) 터,서울특별시 종로구 인의동 112-1번지,서울특별시,종로구,종로1.2.3.4가동,126.9971783,37.5728094
735,BE_IW10-0654,문화재유산|문화재구분|조형물,앙부일구(해시계)터(仰釜日咎址),서울특별시 종로구 훈정동 2번지,서울특별시,종로구,종로1.2.3.4가동,126.9954564,37.5713843
736,BE_IW10-0655,문화재유산|문화재구분|조형물,안동별궁(安洞別宮) 터,서울특별시 종로구 안국동 일반 175-2번지,서울특별시,종로구,삼청동,126.9828999,37.5773
737,BE_IW10-0656,문화재유산|문화재구분|조형물,쌍홍문(雙紅門) 터,서울특별시 종로구 효자동 일반 38-2번지,서울특별시,종로구,청운효자동,126.9719206,37.5826487
738,BE_IW10-0657,문화재유산|문화재구분|조형물,승문원(承文院) 터,서울특별시 종로구 계동 일반 140-2번지,서울특별시,종로구,가회동,126.987,37.5804
739,BE_IW10-0658,문화재유산|문화재구분|조형물,순화궁(順和宮) 터,서울특별시 종로구 인사동 일반 194-27,서울특별시,종로구,종로1.2.3.4가동,126.986,37.5717
740,BE_IW10-0659,문화재유산|문화재구분|조형물,수표교터(水標橋址),서울특별시 종로구 관수동 152-1번지,서울특별시,종로구,종로1.2.3.4가동,126.9893086,37.5684728
741,BE_IW10-0660,문화재유산|문화재구분|조형물,수진측량학교터,서울특별시 종로구 수송동 일반 146-2번지,서울특별시,종로구,종로1.2.3.4가동,126.9806,37.5737
742,BE_IW10-0661,문화재유산|문화재구분|조형물,수진궁터(壽進宮址),서울특별시 종로구 수송동 51-8번지,서울특별시,종로구,종로1.2.3.4가동,126.9810035,37.5726695
743,BE_IW10-0662,문화재유산|문화재구분|조형물,송학선(宋學善) 의사의거터,서울특별시 종로구 와룡동 4-1번지,서울특별시,종로구,종로1.2.3.4가동,126.9894942,37.5777794
744,BE_IW10-0762,문화재유산|문화재구분|조형물,탑골공원 사적비,서울 종로구 종로2가 탑골공원내,서울특별시,종로구,종로1.2.3.4가동,126.9895626,37.5705897
745,BE_IW10-0763,문화재유산|문화재구분|조형물,만해 한용운 시비,서울 종로구 종로2가 탑골공원내,서울특별시,종로구,종로1.2.3.4가동,126.9895626,37.5705897
746,BE_IW10-0781,문화재유산|문화재구분|조형물,서울홍제동오층석탑,서울특별시 종로구 세종로 1 경복궁,서울특별시,종로구,청운효자동,126.9767743,37.5866061
747,BE_IW10-0543,문화재유산|문화재구분|종교문화재,소림사,서울특별시 종로구 홍지동 80-1번지,서울특별시,종로구,부암동,126.9588964,37.6014902
748,BE_IW10-0544,문화재유산|문화재구분|종교문화재,문수사,서울특별시 종로구 구기동 2번지,서울특별시,종로구,평창동,126.9725258,37.6312731
749,BE_IW10-0545,문화재유산|문화재구분|종교문화재,대각사,서울특별시 종로구 봉익동 2번지,서울특별시,종로구,종로1.2.3.4가동,126.9920769,37.5736651
750,BE_IW10-0107,장소/위치|시설|민간시설|문화관/박물관/기념관,동림 매듭 박물관,서울시 종로구 가회동 11-7,서울특별시,종로구,가회동,126.9856211,37.5817921
751,BE_IW10-0108,장소/위치|시설|민간시설|문화관/박물관/기념관,국립서울과학관,서울특별시 종로구 와룡동 2-70,서울특별시,종로구,종로1.2.3.4가동,126.9969615,37.582279
752,BE_IW10-0135,문화재유산|문화재구분|조형물|표석|갤러리/미술관,한국문화예술위원회 아르코 미술관,서울특별시 종로구 동숭동 1-130,서울특별시,종로구,이화동,127.002897,37.5799333
754,BE_IW10-0023,장소/위치|촬영장소,"[겨울연가]한류 열풍의 진원지, 중앙고등학교",서울특별시 종로구 계동 1,서울특별시,종로구,가회동,126.9864633,37.5843579
755,BE_IW10-0024,장소/위치|촬영장소,드라마 촬영지로 유명한 부자동네 평창동,서울특별시 종로구 평창동 186-9,서울특별시,종로구,평창동,126.9684778,37.6064054
756,BE_IW10-0073,장소/위치|시설|민간시설|문화센터,종로구민회관,서울특별시 종로구 창신동 222-8,서울특별시,종로구,창신1동,127.0141832,37.573445
757,BE_IW10-0074,장소/위치|시설|민간시설|문화센터,플레잉문화센터,서울특별시 종로구 동숭동 1-5 동숭아트센터 407호,서울특별시,종로구,이화동,127.0037106,37.5836832
758,BE_IW10-0136,문화재유산|문화재구분|조형물|표석|갤러리/미술관,가나아트센터,서울특별시 종로구 평창동 97,서울특별시,종로구,평창동,126.9751895,37.612236
759,BE_IW10-0137,문화재유산|문화재구분|조형물|표석|갤러리/미술관,갤러리 삼경,서울특별시 종로구 인사동 9,서울특별시,종로구,종로1.2.3.4가동,126.986821,37.5732985
760,BE_IW10-0138,문화재유산|문화재구분|조형물|표석|갤러리/미술관,종로구립 박노수미술관,서울 종로구 옥인동 168-2 7호,서울특별시,종로구,청운효자동,126.9667572,37.5813721
761,BE_IW10-0139,문화재유산|문화재구분|조형물|표석|갤러리/미술관,상원미술관,서울시 종로구 평창동 456-5,서울특별시,종로구,평창동,126.9765863,37.6116273
762,BE_IW10-0140,문화재유산|문화재구분|조형물|표석|갤러리/미술관,북촌미술관,서울시 종로구 가회동 170-4 자미원빌딩 1층,서울특별시,종로구,가회동,126.9847684,37.5803381
763,BE_IW10-0141,문화재유산|문화재구분|조형물|표석|갤러리/미술관,대림미술관,서울시 종로구 통의동 35-1,서울특별시,종로구,사직동,126.9733074,37.5774958
764,BE_IW10-0025,장소/위치|촬영장소,광화문광장 [KBS 드라마 '아이리스'(2009)],서울특별시 종로구 세종로 1-68 ,서울특별시,종로구,사직동,126.9773352,37.5703945
765,BE_IW10-0026,장소/위치|촬영장소,부암동 [MBC 드라마 '내조의 여왕'(2009)],서울특별시 종로구 부암동,서울특별시,종로구,부암동,126.9640471,37.5924399
766,BE_IW10-0027,장소/위치|촬영장소,공간사옥 [SBS 드라마 ‘신사의 품격’(2012)],서울시 종로구 원서동 140-1,서울특별시,종로구,가회동,126.9887515,37.5777066
767,BE_IW10-0075,장소/위치|시설|민간시설|문화관/박물관/기념관,꼭두 박물관,종로구 동숭동 1-5번지 동숭아트센터 2층,서울특별시,종로구,이화동,127.0037106,37.5836832
768,BE_IW10-0142,문화재유산|문화재구분|조형물|표석|갤러리/미술관,아트선재센터,서울시 종로구 소격동 144-2,서울특별시,종로구,삼청동,126.98185,37.5794229
769,BE_IW10-0143,문화재유산|문화재구분|조형물|표석|갤러리/미술관,부암동 자하미술관,서울시 종로구 부암동 362-21,서울특별시,종로구,부암동,126.9603349,37.5893894
770,BE_IW10-0144,문화재유산|문화재구분|조형물|표석|갤러리/미술관,아트플라넷,서울시 종로구 관훈동 145 3층,서울특별시,종로구,종로1.2.3.4가동,126.9834469,37.5750728
771,BE_IW10-0145,문화재유산|문화재구분|조형물|표석|갤러리/미술관,갤러리 상,서울시 종로구 인사동 159,서울특별시,종로구,종로1.2.3.4가동,126.9865325,37.5723401
772,BE_IW10-0146,문화재유산|문화재구분|조형물|표석|갤러리/미술관,통인화랑,서울시 종로구 관훈동 16,서울특별시,종로구,종로1.2.3.4가동,126.9858474,37.5735325
773,BE_IW10-0147,문화재유산|문화재구분|조형물|표석|갤러리/미술관,갤러리 대아,서울특별시 종로구 사간동 69,서울특별시,종로구,삼청동,126.9799075,37.5779041
774,BE_IW10-0148,문화재유산|문화재구분|조형물|표석|갤러리/미술관,인사갤러리, 서울시 종로구 관훈동 29-23,서울특별시,종로구,종로1.2.3.4가동,126.985695,37.5739901
775,BE_IW10-0149,문화재유산|문화재구분|조형물|표석|갤러리/미술관,동호갤러리,서울시 종로구 관훈동 197-28 백상빌딩 지하1층,서울특별시,종로구,종로1.2.3.4가동,126.9854649,37.5731065
776,BE_IW10-0150,문화재유산|문화재구분|조형물|표석|갤러리/미술관,노화랑,서울특별시 종로구 관훈동 103,서울특별시,종로구,종로1.2.3.4가동,126.9840927,37.574868
777,BE_IW10-0028,장소/위치|촬영장소,마로니에공원 [SBS 옥탑방 왕세자(2012)] ,서울특별시 종로구 동숭동 1-119,서울특별시,종로구,이화동,127.002437,37.5809403
778,BE_IW10-0029,장소/위치|촬영장소,북촌 [MBC 드라마 '그녀는 예뻤다'(2015)],종로구 북촌로11라길 8,서울특별시,종로구,가회동,126.9832136,37.5831181
779,BE_IW10-0030,장소/위치|촬영장소,송스키친 [MBC 드라마 '트리플'(2009)],서울시 종로구 신영동 168-3,서울특별시,종로구,부암동,126.9601611,37.6006352
780,BE_IW10-0076,장소/위치|시설|민간시설|문화관/박물관/기념관,한국 미술박물관,서울시 종로구 원서동 108-4,서울특별시,종로구,가회동,126.9890523,37.5808209
781,BE_IW10-0077,장소/위치|시설|민간시설|문화관/박물관/기념관,북촌 생활사박물관,서울시 종로구 삼청동 35-177,서울특별시,종로구,삼청동,126.9829816,37.5844644
782,BE_IW10-0151,문화재유산|문화재구분|조형물|표석|갤러리/미술관,샘터갤러리,서울특별시 종로구 동숭동 1-115 샘터사옥,서울특별시,종로구,이화동,127.0023394,37.5815498
783,BE_IW10-0152,문화재유산|문화재구분|조형물|표석|갤러리/미술관,서경갤러리,서울특별시 종로구 관훈동 184 ,서울특별시,종로구,종로1.2.3.4가동,126.9844027,37.5740936
784,BE_IW10-0153,문화재유산|문화재구분|조형물|표석|갤러리/미술관,한국공예문화진흥원,서울시 종로구 관훈동 182-2,서울특별시,종로구,종로1.2.3.4가동,126.9841228,37.5740281
785,BE_IW10-0154,문화재유산|문화재구분|조형물|표석|갤러리/미술관,국제 갤러리,서울시 종로구 소격동 59-1,서울특별시,종로구,삼청동,126.9804724,37.5807298
786,BE_IW10-0155,문화재유산|문화재구분|조형물|표석|갤러리/미술관,갤러리 현대,서울시 종로구 사간동 80,서울특별시,종로구,삼청동,126.9798969,37.5773258
787,BE_IW10-0156,문화재유산|문화재구분|조형물|표석|갤러리/미술관,모란갤러리,서울시 종로구 관훈동 197-28 지하 1층,서울특별시,종로구,종로1.2.3.4가동,126.9854649,37.5731065
788,BE_IW10-0157,문화재유산|문화재구분|조형물|표석|갤러리/미술관,모인화랑,서울특별시 종로구 관훈동 192-11(신영빌딩1층),서울특별시,종로구,종로1.2.3.4가동,126.9847262,37.5736757
789,BE_IW10-0031,장소/위치|촬영장소,윤동주 시인의 언덕 [MBC 드라마 '운명처럼 널 사랑해'(2014)],서울시 종로구 청운동 3-100,서울특별시,종로구,청운효자동,126.9668414,37.5919912
790,BE_IW10-0032,장소/위치|촬영장소,카페모네 [MBC 드라마 <최고의 사랑(2011)>],서울시 종로구 평창동 462-4,서울특별시,종로구,평창동,126.974791,37.6123885
791,BE_IW10-0033,장소/위치|촬영장소,백석동2길 31 [영화 ‘은교'(2012)] ,서울특별시 종로구 부암동 63,서울특별시,종로구,부암동,126.9698026,37.5984038
792,BE_IW10-0078,장소/위치|시설|민간시설|문화관/박물관/기념관,신문박물관,"서울시 종로구 세종로 139 일민미술관 5,6층",서울특별시,종로구,사직동,126.9776683,37.5695517
793,BE_IW10-0079,장소/위치|시설|민간시설|문화관/박물관/기념관,경찰박물관,서울시 종로구 신문로2가 58,서울특별시,종로구,사직동,126.9696697,37.5690134
794,BE_IW10-0158,문화재유산|문화재구분|조형물|표석|갤러리/미술관,토포하우스,서울특별시 종로구 관훈동 184 ,서울특별시,종로구,종로1.2.3.4가동,126.9844027,37.5740936
795,BE_IW10-0159,문화재유산|문화재구분|조형물|표석|갤러리/미술관,선화랑,서울시 종로구 인사동 184,서울특별시,종로구,종로1.2.3.4가동,126.9856369,37.5729699
796,BE_IW10-0160,문화재유산|문화재구분|조형물|표석|갤러리/미술관,더 소호,서울시 종로구 필운동 90-1,서울특별시,종로구,사직동,126.9692755,37.5778954
797,BE_IW10-0161,문화재유산|문화재구분|조형물|표석|갤러리/미술관,월전미술관,서울특별시 종로구 팔판동 35-1,서울특별시,종로구,삼청동,126.9815311,37.5829635
798,BE_IW10-0162,문화재유산|문화재구분|조형물|표석|갤러리/미술관,인사아트센터,서울시 종로구 관훈동 188,서울특별시,종로구,종로1.2.3.4가동,126.9846029,37.573887
799,BE_IW10-0163,문화재유산|문화재구분|조형물|표석|갤러리/미술관,종로갤러리,서울특별시 종로구 관훈동 44,서울특별시,종로구,종로1.2.3.4가동,126.985205,37.5743408
800,BE_IW10-0164,문화재유산|문화재구분|조형물|표석|갤러리/미술관,광화랑,서울시 종로구 세종로 81-3,서울특별시,종로구,사직동,126.9760754,37.5722306
801,BE_IW10-0034,장소/위치|촬영장소,경복궁 향원정 [MBC 해를 품은 달(2012)] ,서울시 종로구 세종로 1-1,서울특별시,종로구,청운효자동,126.9769632,37.5806903
802,BE_IW10-0035,장소/위치|촬영장소,낙산공원 [MBC 더킹투하츠(2012)],서울 종로구 동숭동 산 2-10 ,서울특별시,종로구,이화동,127.004494,37.5838167
803,BE_IW10-0036,장소/위치|촬영장소,  파스텔 드 나따(Pastel de Nata) [SBS 상속자들(2013)],서울시 종로구 안국동 175-57,서울특별시,종로구,삼청동,126.9837107,37.5773893
804,BE_IW10-0081,장소/위치|시설|민간시설|문화관/박물관/기념관,한상수 자수 박물관,서울시 종로구 가회동 11-32 가회새싹길 15,서울특별시,종로구,가회동,126.9856526,37.5827384
805,BE_IW10-0082,장소/위치|시설|민간시설|문화관/박물관/기념관,영인문학관,서울시 종로구 평창동 474-27,서울특별시,종로구,평창동,126.9722711,37.6143517
806,BE_IW10-0165,문화재유산|문화재구분|조형물|표석|갤러리/미술관,성곡미술관,서울시 종로구 신문로2가 1-101,서울특별시,종로구,사직동,126.9700536,37.5735038
807,BE_IW10-0080,장소/위치|시설|민간시설|문화관/박물관/기념관,유금와당박물관,서울특별시 종로구 부암동 302-5,서울특별시,종로구,부암동,126.9626533,37.5936708
808,BE_IW10-0166,문화재유산|문화재구분|조형물|표석|갤러리/미술관,토탈미술관,서울시 종로구 평창동 465-3,서울특별시,종로구,평창동,126.9759443,37.6121075
809,BE_IW10-0167,문화재유산|문화재구분|조형물|표석|갤러리/미술관,갤러리 도올,서울시 종로구 관훈동 192-18,서울특별시,종로구,종로1.2.3.4가동,126.9841714,37.573006
810,BE_IW10-0168,문화재유산|문화재구분|조형물|표석|갤러리/미술관,백송화랑,서울시 종로구 관훈동 197-9(광능B/D 1층),서울특별시,종로구,종로1.2.3.4가동,126.985327,37.5732968
813,BE_IW10-0037,장소/위치|촬영장소,학림다방 [SBS 별에서 온 그대(2013)],서울특별시 종로구 명륜4가 94-2,서울특별시,종로구,혜화동,127.0016508,37.58193
814,BE_IW10-0038,장소/위치|촬영장소,청운공원 [SBS 드라마 <그 겨울 바람이 분다(2013)>],서울시 종로구 청운동 7-4,서울특별시,종로구,청운효자동,126.9664689,37.5907647
815,BE_IW10-0039,장소/위치|촬영장소,부암동 [SBS드라마 '찬란한 유산'(2009)],서울특별시 종로구 부암동 ,서울특별시,종로구,부암동,126.9640471,37.5924399
816,BE_IW10-0083,장소/위치|시설|민간시설|문화관/박물관/기념관,북촌동양문화박물관,서울시 종로구 삼청동 35-91,서울특별시,종로구,삼청동,126.9835366,37.5838703
817,BE_IW10-0084,장소/위치|시설|민간시설|문화관/박물관/기념관,불교중앙박물관,서울특별시 종로구 견지동45,서울특별시,종로구,종로1.2.3.4가동,126.9823368,37.5739012
818,BE_IW10-0109,장소/위치|시설|민간시설|문화관/박물관/기념관,국립민속박물관,서울특별시 종로구 세종로 1-1,서울특별시,종로구,청운효자동,126.9769632,37.5806903
820,BE_IW10-0040,장소/위치|촬영장소,"경복궁, 일민미술관 [영화 '내 여자 친구를 소개합니다'(2004)]",서울특별시 종로구 세종로 139,서울특별시,종로구,사직동,126.9776683,37.5695517
821,BE_IW10-0041,장소/위치|촬영장소,낙산공원과 창신동 쌍용아파트 주변 [KBS 드라마 ‘부자의탄생’(2010)],서울특별시 종로구 창신동 702,서울특별시,종로구,창신3동,127.0140195,37.5805173
822,BE_IW10-0042,장소/위치|촬영장소,그린하우스 [SBS 드라마 '시크릿가든'(2010)],서울시 종로구 평창동 512-7,서울특별시,종로구,평창동,126.9705299,37.610502
823,BE_IW10-0085,장소/위치|시설|민간시설|문화관/박물관/기념관,화정박물관,서울특별시 종로구 평창동 273-1,서울특별시,종로구,평창동,126.9659835,37.6046315
824,BE_IW10-0110,장소/위치|시설|민간시설|문화관/박물관/기념관,국립고궁박물관,서울시 종로구 세종로 1-57,서울특별시,종로구,청운효자동,126.9767338,37.5764273
825,BE_IW10-0111,장소/위치|시설|민간시설|문화관/박물관/기념관,한무숙문학관,종로구 명륜1가 33-100,서울특별시,종로구,혜화동,126.9985908,37.5877952
828,BE_IW10-0208,장소/위치|시설|민간시설|공연장,껌아트홀,종로구 동숭동 1-33번지 21C빌딩 5층,서울특별시,종로구,이화동,127.0021477,37.582714
829,BE_IW10-0209,장소/위치|시설|민간시설|공연장,낙산씨어터,종로구 혜화동 201번지 지하,서울특별시,종로구,혜화동,127.0025623,37.5836856
830,BE_IW10-0210,장소/위치|시설|민간시설|공연장,아트스페이스 악어,종로구 명륜동 2가 21-12 악어재 1층,서울특별시,종로구,종로1.2.3.4가동,127.0005765,37.5837647
831,BE_IW10-0211,장소/위치|시설|민간시설|공연장,아트문씨어터,종로구 명륜동 3가 140-4번지 태연 빌딩 지하 1층,서울특별시,종로구,혜화동,126.9969592,37.58307
832,BE_IW10-0212,장소/위치|시설|민간시설|공연장,"아츠플레이씨어터1관,2관",종로구 동숭동 1-58,서울특별시,종로구,이화동,127.0025176,37.5822992
833,BE_IW10-0213,장소/위치|시설|민간시설|공연장,아쉬레문화센터,종로구 동숭동 1-132,서울특별시,종로구,이화동,127.0034997,37.5801274
834,BE_IW10-0214,장소/위치|시설|민간시설|공연장,아름다운 극장,명륜동2가 8-9,서울특별시,종로구,이화동,127.0000335,37.5847132
835,BE_IW10-0043,장소/위치|촬영장소,계동길 [MBC 반짝반짝 빛나는(2011)],서울특별시 종로구 계동 79-8 ,서울특별시,종로구,가회동,126.9866683,37.5803116
836,BE_IW10-0044,장소/위치|촬영장소,이화동 벽화마을 [SBS 옥탑방 왕세자(2012)] ,서울특별시 종로구 이화동 9-419,서울특별시,종로구,이화동,127.0072663,37.5781516
837,BE_IW10-0045,장소/위치|촬영장소,대오서점 [KBS 드라마 <상어(2013)>],서울시 종로구 누하동 33,서울특별시,종로구,청운효자동,126.9693362,37.5797358
838,BE_IW10-0086,장소/위치|시설|민간시설|문화관/박물관/기념관,춘원당 한방박물관,서울특별시 종로구 낙원동 154,서울특별시,종로구,종로1.2.3.4가동,126.9902811,37.5716027
839,BE_IW10-0112,장소/위치|시설|민간시설|문화관/박물관/기념관,한국 현대의상 박물관,서울시 종로구 충신동 55-1 수진빌딩 9-10층,서울특별시,종로구,종로5.6가동,127.0055357,37.5754801
840,BE_IW10-0113,장소/위치|시설|민간시설|문화관/박물관/기념관,가회박물관,서울특별시 종로구 가회동 11-103,서울특별시,종로구,가회동,126.9856623,37.5821369
841,BE_IW10-0114,장소/위치|시설|민간시설|문화관/박물관/기념관,한국현대시박물관,서울 종로구 명륜 1가 42번지,서울특별시,종로구,혜화동,126.9989147,37.5865497
842,BE_IW10-0005,장소/위치|주요장소,청운공원,서울특별시 종로구 청운동 산4번지,서울특별시,종로구,청운효자동,126.9672486,37.5905601
843,BE_IW10-0046,장소/위치|촬영장소,김종영미술관 [MBC 드라마 <최고의 사랑(2011)>],서울특별시 종로구 평창동 114-8,서울특별시,종로구,평창동,126.9776575,37.6130429
844,BE_IW10-0047,장소/위치|촬영장소,삼청공원 [SBS 드라마 <별에서 온 그대(2013)>],서울시 종로구 삼청동 2,서울특별시,종로구,삼청동,126.9808095,37.5885407
845,BE_IW10-0048,장소/위치|촬영장소,백석동길 124 [MBC 드라마 ‘스캔들:매우 충격적이고 부도덕한 사건’ (2013)],서울특별시 종로구 부암동 100-22,서울특별시,종로구,부암동,126.9693549,37.5959344
846,BE_IW10-0087,장소/위치|시설|민간시설|문화관/박물관/기념관,체신기념관,서울시 종로구 견지동 39-7,서울특별시,종로구,종로1.2.3.4가동,126.9826182,37.5744559
847,BE_IW10-0088,장소/위치|시설|민간시설|문화관/박물관/기념관,조세박물관,"서울시 종로구 수송동 104, 국세청 신청사 별관 1층",서울특별시,종로구,종로1.2.3.4가동,126.9798861,37.574137
848,BE_IW10-0115,장소/위치|시설|민간시설|문화관/박물관/기념관,가톨릭대학교 전례박물관,서울시 종로구 혜화동 90-1 가톨릭대학교 성신교정 성신관내 1?2?3?4층,서울특별시,종로구,혜화동,127.0037658,37.5859908
849,BE_IW10-0006,장소/위치|주요장소,사직근린공원,서울특별시 종로구 사직동 산1-10,서울특별시,종로구,사직동,126.9681422,37.5767822
850,BE_IW10-0007,장소/위치|주요장소,북악스카이웨이,서울시 종로구 평창동 산6-2,서울특별시,종로구,평창동,126.9821995,37.6076042
851,BE_IW10-0049,장소/위치|촬영장소,용정 [MBC 드라마 '왔다! 장보리'(2014)],서울시 종로구 원서동 136-3,서울특별시,종로구,가회동,126.9885806,37.5794631
852,BE_IW10-0050,장소/위치|촬영장소,산모퉁이카페 [MBC 드라마‘커피프린스1호점'(2007)],서울시 종로구 부암동 97-5,서울특별시,종로구,부암동,126.967964,37.5954183
853,BE_IW10-0051,장소/위치|촬영장소,운경재단 [MBC 드라마 '왔다! 장보리'(2014)] ,서울특별시 종로구 사직동 1-57,서울특별시,종로구,사직동,126.9665334,37.5749349
854,BE_IW10-0089,장소/위치|시설|민간시설|문화관/박물관/기념관,짚풀생활사박물관,서울시 종로구 명륜2가 8-4,서울특별시,종로구,혜화동,126.9998511,37.5849195
855,BE_IW10-0090,장소/위치|시설|민간시설|문화관/박물관/기념관,인문학 박물관,서울특별시 종로구 계동 1번지  중앙고등학교 내 인문학박물관,서울특별시,종로구,가회동,126.9864633,37.5843579
856,BE_IW10-0008,장소/위치|주요장소,장미계단,서울시 종로구 수송동 146-2,서울특별시,종로구,종로1.2.3.4가동,126.979262,37.5729289
857,BE_IW10-0009,장소/위치|주요장소,청와대 사랑채,서울특별시 종로구 효자동 152,서울특별시,종로구,청운효자동,126.9732577,37.5826171
858,BE_IW10-0010,장소/위치|주요장소,낙산근린공원,서울특별시 종로구 동숭동 산2-10,서울특별시,종로구,이화동,127.004494,37.5838167
859,BE_IW10-0052,장소/위치|촬영장소,710 언어더맨 [KBS 직장의 신(2013)] ,서울특별시 종로구 부암동 239-9 ,서울특별시,종로구,부암동,126.966375,37.5937565
860,BE_IW10-0053,장소/위치|촬영장소,여랑재 [MBC 드라마 '개인의취향'(2010)],서울특별시 종로구 가회동 156,서울특별시,종로구,가회동,126.9847947,37.580111
861,BE_IW10-0054,장소/위치|시설|구립시설,박노수미술관,서울 종로구 옥인동 168-2 7호,서울특별시,종로구,청운효자동,126.9667572,37.5813721
862,BE_IW10-0055,장소/위치|시설|구립시설,윤동주문학관,서울특별시 종로구 창의문로 119 ,서울특별시,종로구,청운효자동,126.9670686,37.5920969
863,BE_IW10-0202,장소/위치|시설|민간시설|공연장,1m클래식아트홀,종로구 동숭동 1-5 동숭아트센터 407호,서울특별시,종로구,이화동,127.0037106,37.5836832
864,BE_IW10-0203,장소/위치|시설|민간시설|공연장,SM스타홀,종로구 동숭동 1-96 승근빌딩 지하1층,서울특별시,종로구,이화동,127.003714,37.5816082
865,BE_IW10-0204,장소/위치|시설|민간시설|공연장,PMC대학로 자유극장,종로구 동숭동 1-45 자유빌딩,서울특별시,종로구,이화동,127.0036117,37.5827718
866,BE_IW10-0091,장소/위치|시설|민간시설|문화관/박물관/기념관,어린이민속박물관,서울특별시 종로구 세종로 1-1,서울특별시,종로구,청운효자동,126.9769632,37.5806903
867,BE_IW10-0092,장소/위치|시설|민간시설|문화관/박물관/기념관,쉼박물관,서울시 종로구 홍지동 36-20,서울특별시,종로구,부암동,126.9556804,37.5995016
868,BE_IW10-0116,장소/위치|시설|민간시설|문화관/박물관/기념관,상명아트센터,서울특별시 종로구 홍지동 7,서울특별시,종로구,부암동,126.9550229,37.6028282
869,BE_IW10-0117,장소/위치|시설|민간시설|문화관/박물관/기념관,상명대 박물관,서울특별시 종로구 평창동 577-7번지 B동,서울특별시,종로구,평창동,126.975966,37.6105555
870,BE_IW10-0118,장소/위치|시설|민간시설|청소년수련원,한국청소년 수련시설 협회,서울시 종로구 이화동 97-4,서울특별시,종로구,이화동,127.0046697,37.5761237
871,BE_IW10-0119,장소/위치|시설|민간시설|도서관,가톨릭대학교 성신교정 도서관,서울특별시 종로구 혜화동 90-1,서울특별시,종로구,혜화동,127.0037658,37.5859908
872,BE_IW10-0120,장소/위치|시설|민간시설|도서관,종로구립 작은도서관(13개소),서울특별시 종로구 (전지역),서울특별시,종로구,종로1.2.3.4가동,126.979642,37.573033
873,BE_IW10-0121,장소/위치|시설|민간시설|도서관,종로도서관,서울시 종로구 사직동 1-28,서울특별시,종로구,사직동,126.9672703,37.5759436
874,BE_IW10-0011,장소/위치|주요장소,시인의 언덕,서울시 종로구 청운동 7번지,서울특별시,종로구,청운효자동,126.9661694,37.5891677
875,BE_IW10-0012,장소/위치|주요장소,[이화동]이화벽화마을,서울특별시 종로구 이화동 9-419 ,서울특별시,종로구,이화동,127.0072115,37.5778598
876,BE_IW10-0057,장소/위치|시설|민간시설|문화센터,광화문한국문화센터,서울특별시 종로구 신문로1가 31 덕수빌딩 4층,서울특별시,종로구,사직동,126.9742559,37.5704258
877,BE_IW10-0058,장소/위치|시설|민간시설|문화센터,동숭아트센터,서울특별시 종로구 동숭동 1-5,서울특별시,종로구,이화동,127.0037106,37.5836832
878,BE_IW10-0059,장소/위치|시설|민간시설|문화센터,서울노인복지센터,서울시 종로구 경운동 90-3,서울특별시,종로구,종로1.2.3.4가동,126.9856233,37.5760011
879,BE_IW10-0093,장소/위치|시설|민간시설|문화관/박물관/기념관,쇳대박물관,서울시 종로구 동숭동 187-8,서울특별시,종로구,이화동,127.0046646,37.5798116
880,BE_IW10-0094,장소/위치|시설|민간시설|문화관/박물관/기념관,세계장신구박물관,서울특별시 종로구 화동 75-3,서울특별시,종로구,삼청동,126.9818122,37.5809821
881,BE_IW10-0122,장소/위치|시설|민간시설|도서관,교육정보디지털도서관,서울시 종로구 세종로 77-6 정부서울청사 교육부,서울특별시,종로구,사직동,126.9754237,37.574848
882,BE_IW10-0123,장소/위치|시설|민간시설|도서관,정독도서관,서울특별시 종로구 화동 2,서울특별시,종로구,삼청동,126.9831241,37.5807844
883,BE_IW10-0124,장소/위치|시설|민간시설|도서관,서울시립어린이도서관,서울시 종로구 사직동 1-28,서울특별시,종로구,사직동,126.9672703,37.5759436
884,BE_IW10-0125,문화재유산|문화재구분|조형물|표석|갤러리/미술관,동덕아트갤러리,서울시 종로구 관훈동 151-8 동덕빌딩 B1,서울특별시,종로구,종로1.2.3.4가동,126.9831904,37.5750317
885,BE_IW10-0126,문화재유산|문화재구분|조형물|표석|갤러리/미술관,pkm갤러리,서울시 종로구 화동 137-1,서울특별시,종로구,삼청동,126.9826982,37.5790477
886,BE_IW10-0013,장소/위치|주요장소,종로타워,서울시 종로구 종로2가 6번지,서울특별시,종로구,종로1.2.3.4가동,126.9838679,37.570451
887,BE_IW10-0014,장소/위치|주요장소,목련이 가장 빨리(?) 피는 곳,서울시 종로구 수송동 146-2,서울특별시,종로구,종로1.2.3.4가동,126.979262,37.5729289
888,BE_IW10-0020,장소/위치|촬영장소,삼청동 [영화 '사랑니'(2005)],서울특별시 종로구 계동 105,서울특별시,종로구,가회동,126.9864295,37.5790692
889,BE_IW10-0021,장소/위치|촬영장소,질시루 [SBS 드라마 '황금 신부'(2007)],서울특별시 종로구 와룡동 164-2,서울특별시,종로구,종로1.2.3.4가동,126.9906319,37.5749057
890,BE_IW10-0060,장소/위치|시설|민간시설|문화센터,풀잎 문화센터 종로지부,서울특별시 종로구 종로3가 16번지 고영빌딩 6층 607호,서울특별시,종로구,종로1.2.3.4가동,126.9911999,37.5706616
891,BE_IW10-0061,장소/위치|시설|민간시설|문화센터,종로종합사회복지관,서울특별시 종로구 창신2동 23-344,서울특별시,종로구,창신3동,127.0123574,37.5772068
892,BE_IW10-0062,장소/위치|시설|민간시설|문화센터,청소년문화센터,서울특별시 종로구 명륜동3가 1-1042,서울특별시,종로구,혜화동,126.9933773,37.5906337
893,BE_IW10-0063,장소/위치|시설|민간시설|문화센터,동부여성문화센터,서울특별시 종로구 창신2동 596-2,서울특별시,종로구,창신2동,127.0099877,37.5769475
894,BE_IW10-0095,장소/위치|시설|민간시설|문화관/박물관/기념관,서울역사박물관,서울시 종로구 신문로2가 2-1,서울특별시,종로구,사직동,126.9688348,37.5707649
895,BE_IW10-0096,장소/위치|시설|민간시설|문화관/박물관/기념관,성균관대학교 박물관,서울시 종로구 명륜3가 53,서울특별시,종로구,혜화동,126.9957415,37.5858106
896,BE_IW10-0097,장소/위치|시설|민간시설|문화관/박물관/기념관,서울대병원 의학박물관,서울특별시 종로구 연건동 28-2 (서울대학교병원내),서울특별시,종로구,이화동,127.0006005,37.5805685
897,BE_IW10-0127,문화재유산|문화재구분|조형물|표석|갤러리/미술관,일민미술관,서울시 종로구 세종로 139,서울특별시,종로구,사직동,126.9776683,37.5695517
898,BE_IW10-0128,문화재유산|문화재구분|조형물|표석|갤러리/미술관,아트사이드,서울시 종로구 통의동 33,서울특별시,종로구,사직동,126.9729516,37.578275
899,BE_IW10-0129,문화재유산|문화재구분|조형물|표석|갤러리/미술관,세종문화회관 미술관,서울특별시 종로구 세종로 81-3,서울특별시,종로구,사직동,126.9760754,37.5722306
901,BE_IW10-0016,장소/위치|주요장소,북악팔각정,서울 종로구 평창동 산6-17,서울특별시,종로구,평창동,126.9807535,37.6019212
902,BE_IW10-0064,장소/위치|시설|민간시설|문화센터,가나아트센터,서울특별시 종로구 평창동 97,서울특별시,종로구,평창동,126.9751895,37.612236
903,BE_IW10-0065,장소/위치|시설|민간시설|문화센터,올림픽 기념 국민생활관,서울특별시 종로구  혜화동 1-21,서울특별시,종로구,혜화동,126.9988431,37.5903653
904,BE_IW10-0066,장소/위치|시설|민간시설|문화센터,운현궁 문화센터,서울특별시 종로구 운니동 114-10,서울특별시,종로구,종로1.2.3.4가동,126.9871246,37.5761263
905,BE_IW10-0098,장소/위치|시설|민간시설|문화관/박물관/기념관,서울교육박물관, 서울특별시 종로구 화동 2,서울특별시,종로구,삼청동,126.9831241,37.5807844
906,BE_IW10-0099,장소/위치|시설|민간시설|문화관/박물관/기념관,서울대 치의학 박물관,서울특별시 종로구 연건동 28-2 서울대학교치과대학 본관 1층,서울특별시,종로구,이화동,127.0006005,37.5805685
907,BE_IW10-0100,장소/위치|시설|민간시설|문화관/박물관/기념관,명인 박물관,서울특별시 종로구 가회동 208-7,서울특별시,종로구,가회동,126.9852012,37.5801787
908,BE_IW10-0201,문화재유산|문화재구분|수목|보호수|문화원,유즈패밀리,서울특별시 종로구 권농동 156번지,서울특별시,종로구,종로1.2.3.4가동,126.9912619,37.5765847
909,BE_IW10-0205,장소/위치|시설|민간시설|공연장,갤러리정미소,서울시 종로구 동숭동 199-17객석B/D 2F,서울특별시,종로구,이화동,127.0047288,37.5782411
910,BE_IW10-0206,장소/위치|시설|민간시설|공연장,공간루,서울시 종로구 명륜4가 188-14 인설빌딩 1층,서울특별시,종로구,혜화동,126.9990421,37.5824099
911,BE_IW10-0207,장소/위치|시설|민간시설|공연장,김동수플레이하우스,종로구 연건동 178-1 동마루빌딩 4층,서울특별시,종로구,이화동,127.0025796,37.5765253
912,BE_IW10-0130,문화재유산|문화재구분|조형물|표석|갤러리/미술관,김영섭사진화랑,서울특별시 종로구 관훈동 169-2,서울특별시,종로구,종로1.2.3.4가동,126.9841901,37.5743045
913,BE_IW10-0131,문화재유산|문화재구분|조형물|표석|갤러리/미술관,조형갤러리,서울시 종로구 인사동 194-27 태화빌딩 B1,서울특별시,종로구,종로1.2.3.4가동,126.9848536,37.5720231
914,BE_IW10-0132,문화재유산|문화재구분|조형물|표석|갤러리/미술관,덕원갤러리,서울특별시 종로구 인사동 15,서울특별시,종로구,종로1.2.3.4가동,126.9865138,37.5729565
915,BE_IW10-0017,장소/위치|주요장소,삼청공원 말바위,서울특별시 종로구 삼청동 산2-1,서울특별시,종로구,삼청동,126.9808095,37.5885407
916,BE_IW10-0067,장소/위치|시설|민간시설|문화센터,종로 노인 종합 복지관,서울특별시 종로구 이화동 25-1,서울특별시,종로구,이화동,127.0060252,37.5767323
917,BE_IW10-0068,장소/위치|시설|민간시설|문화센터,종로문화체육센터,서울특별시 종로구 사직동 284-1,서울특별시,종로구,사직동,126.9647006,37.5743945
918,BE_IW10-0069,장소/위치|시설|민간시설|문화센터,종로 여성 인력 개발센터,서울특별시 종로구 명륜동4가 113-1 스타시티빌딩 3층,서울특별시,종로구,부암동,127.0005725,37.5821171
919,BE_IW10-0101,장소/위치|시설|민간시설|문화관/박물관/기념관,부엉이 미술&공예 박물관,서울시 종로구 삼청동 27-21,서울특별시,종로구,삼청동,126.982947,37.5870892
920,BE_IW10-0102,장소/위치|시설|민간시설|문화관/박물관/기념관,보나장신구박물관,서울특별시 종로구 관훈동 192-10,서울특별시,종로구,종로1.2.3.4가동,126.984533,37.5735668
921,BE_IW10-0103,장소/위치|시설|민간시설|문화관/박물관/기념관,삼성출판박물관,서울시 종로구 구기동 126-4,서울특별시,종로구,평창동,126.9570008,37.6087606
922,BE_IW10-0133,문화재유산|문화재구분|조형물|표석|갤러리/미술관,갤러리 룩스,서울특별시 종로구 관훈동 185 인덕빌딩 3층,서울특별시,종로구,종로1.2.3.4가동,126.9844248,37.5741999
923,BE_IW10-0134,문화재유산|문화재구분|조형물|표석|갤러리/미술관,갤러리 썬앤문,서울특별시 종로구 관훈동 30-9 청아빌딩 2층,서울특별시,종로구,종로1.2.3.4가동,126.9857228,37.5743664
924,BE_IW10-0018,장소/위치|주요장소,[세종로]광화문광장,서울특별시 종로구 세종로 1-68 ,서울특별시,종로구,사직동,126.9773352,37.5703945
925,BE_IW10-0022,장소/위치|촬영장소,창덕궁 [영화 '취화선'(2002)],서울특별시 종로구 와룡동 2-71 ,서울특별시,종로구,종로1.2.3.4가동,126.9913206,37.5827758
926,BE_IW10-0070,장소/위치|시설|민간시설|문화센터,아트선재미술관,서울특별시 종로구 소격동 144-2,서울특별시,종로구,삼청동,126.98185,37.5794229
927,BE_IW10-0071,장소/위치|시설|민간시설|문화센터,북촌문화센터,서울특별시 종로구 계동 105번지,서울특별시,종로구,가회동,126.9864295,37.5790692
928,BE_IW10-0072,장소/위치|시설|민간시설|문화센터,동인 문화원,서울특별시 종로구 익선동 30-6번지 운현신화타워 402호,서울특별시,종로구,종로1.2.3.4가동,126.9891376,37.5751138
929,BE_IW10-0104,장소/위치|시설|민간시설|문화관/박물관/기념관,목인박물관&갤러리,서울 종로구 견지동 82,서울특별시,종로구,종로1.2.3.4가동,126.9836659,37.5739201
930,BE_IW10-0105,장소/위치|시설|민간시설|문화관/박물관/기념관,떡박물관,서울특별시 종로구 와룡동 164-2,서울특별시,종로구,종로1.2.3.4가동,126.9906319,37.5749057
931,BE_IW10-0106,장소/위치|시설|민간시설|문화관/박물관/기념관,로봇박물관,"서울특별시 종로구 동숭동 1-44 (동숭아트센터 대각선 맞은편건물 2,3F)",서울특별시,종로구,이화동,127.0035867,37.582977
932,BE_IW10-0959,장소/위치|종로여행|박물관투어|북촌박물관,한국미술박물관,서울특별시 종로구 원서동 152,서울특별시,종로구,가회동,126.989118,37.5791366
933,BE_IW10-0960,장소/위치|종로여행|박물관투어|북촌박물관,고희동 가옥(등록문화재 제84호),서울 종로구 원서동 16,서울특별시,종로구,가회동,126.9889583,37.5831391
934,BE_IW10-0961,장소/위치|종로여행|박물관투어|북촌박물관,한상수자수박물관,서울시 종로구 가회동 11-32,서울특별시,종로구,가회동,126.9856526,37.5827384
935,BE_IW10-1006,대학로 박물관 / 갤러리|대학로 박물관,꼭두박물관,종로구 동숭길 122,서울특별시,종로구,이화동,127.0037278,37.5837122
936,BE_IW10-1007,대학로 박물관 / 갤러리|대학로 박물관,서울대학교병원 의학 박물관,종로구 대학로 103,서울특별시,종로구,이화동,127.0004228,37.5808572
937,BE_IW10-1008,대학로 박물관 / 갤러리|대학로 박물관,한무숙문학관,종로구 혜화로 9길 20 ,서울특별시,종로구,혜화동,126.9986652,37.5878149
938,BE_IW10-1009,대학로 박물관 / 갤러리|대학로 박물관,장면가옥,종로구 혜화로 5길 49 302호,서울특별시,종로구,혜화동,126.9994549,37.5875519
939,BE_IW10-0962,장소/위치|종로여행|박물관투어|북촌박물관,북촌박물관,서울특별시 종로구 북촌로7길 4,서울특별시,종로구,가회동,126.9846114,37.5800058
940,BE_IW10-0963,장소/위치|종로여행|박물관투어|북촌박물관,아라리오뮤지엄 인 스페이스,서울특별시 종로구 율곡로 83,서울특별시,종로구,가회동,126.9883535,37.5778587
941,BE_IW10-0964,장소/위치|종로여행|박물관투어|북촌박물관,가회민화박물관,서울시 종로구 가회동 11-103,서울특별시,종로구,가회동,126.9856623,37.5821369
942,BE_IW10-0965,장소/위치|종로여행|박물관투어|북촌박물관,동림매듭박물관,서울시 종로구 가회동 11-7,서울특별시,종로구,가회동,126.9856211,37.5817921
943,BE_IW10-1010,대학로 박물관 / 갤러리|대학로 갤러리,목금토갤러리,종로구 동숭동 1-75 ,서울특별시,종로구,이화동,127.0035361,37.5822908
944,BE_IW10-1011,대학로 박물관 / 갤러리|대학로 갤러리,샘터갤러리,종로구 대학로 116,서울특별시,종로구,이화동,127.002344,37.5815262
945,BE_IW10-0966,장소/위치|종로여행|박물관투어|북촌박물관,명인박물관,서울시 종로구 재동 88,서울특별시,종로구,가회동,126.9860057,37.5775225
946,BE_IW10-0967,장소/위치|종로여행|박물관투어|부암동 박물관,환기미술관,서울시 종로구 부암동 210-8,서울특별시,종로구,부암동,126.9664362,37.5944071
947,BE_IW10-0968,장소/위치|종로여행|박물관투어|부암동 박물관,자하미술관,서울시 종로구 부암동 362-21,서울특별시,종로구,부암동,126.9603349,37.5893894
948,BE_IW10-1012,대학로 박물관 / 갤러리|대학로 갤러리,아르코미술관,종로구 동숭길 3 한국문화예술진흥원,서울특별시,종로구,이화동,127.0032562,37.5805023
949,BE_IW10-1013,대학로 박물관 / 갤러리|대학로 갤러리,갤러리정미소,종로구 이화장길 66,서울특별시,종로구,이화동,127.0047277,37.5782168
950,BE_IW10-1014,대학로 박물관 / 갤러리|대학로 갤러리,갤러리이앙,종로구 대학로 146 ,서울특별시,종로구,혜화동,127.0020304,37.5842657
951,BE_IW10-0969,장소/위치|종로여행|박물관투어|부암동 박물관,유금와당박물관,서울시 종로구 부암동 302-5,서울특별시,종로구,부암동,126.9626533,37.5936708
952,BE_IW10-0970,장소/위치|종로여행|박물관투어|부암동 박물관,서울미술관,서울특별시 종로구 부암동 201,서울특별시,종로구,부암동,126.9623571,37.5950336
953,BE_IW10-1015,대학로 박물관 / 갤러리|대학로 갤러리,동숭갤러리,종로구 창경궁로 34길 18-5 ,서울특별시,종로구,혜화동,127.0008177,37.5841313
954,BE_IW10-1016,문화공간|문화공간,윤동주문학관,서울특별시 종로구 창의문로 119 ,서울특별시,종로구,청운효자동,126.9670686,37.5920969
955,BE_IW10-1017,문화공간|문화공간,박노수미술관,서울특별시 종로구 옥인1길 34,서울특별시,종로구,청운효자동,126.9668231,37.5813277
956,BE_IW10-0971,장소/위치|종로여행|박물관투어|부암동 박물관,쉼박물관,서울시 종로구 홍지동 36-20,서울특별시,종로구,부암동,126.9556804,37.5995016
957,BE_IW10-0972,장소/위치|종로여행|박물관투어|이화동 박물관,꼭두박물관,서울시 종로구 동숭동 1-5 동숭아트센터,서울특별시,종로구,이화동,127.0037106,37.5836832
958,BE_IW10-0973,장소/위치|종로여행|박물관투어|이화동 박물관,아르코 미술관,서울시 종로구 동숭동 1-130 아르코미술관,서울특별시,종로구,이화동,127.002897,37.5799333
963,BE_IW10-0974,장소/위치|종로여행|박물관투어|이화동 박물관,쇳대 박물관,서울시 종로구 동숭동 187-8,서울특별시,종로구,이화동,127.0046646,37.5798116
964,BE_IW10-0975,장소/위치|종로여행|박물관투어|이화동 박물관,의학박물관,서울시 종로구 연건동 28-2 서울대학교 병원 의학박물관,서울특별시,종로구,이화동,127.0006005,37.5805685
969,BE_IW10-0977,장소/위치|종로여행|박물관투어|혜화동 박물관,짚풀생활사 박물관,서울시 종로구 명륜2가 8-4,서울특별시,종로구,혜화동,126.9998511,37.5849195
970,BE_IW10-0978,장소/위치|종로여행|박물관투어|혜화동 박물관,현대시박물관,서울시 종로구 명륜1가 42,서울특별시,종로구,혜화동,126.9989147,37.5865497
972,BE_IW10-0976,장소/위치|종로여행|박물관투어|혜화동 박물관,장면가옥,서울시 종로구 명륜1가 36-1,서울특별시,종로구,혜화동,126.9996628,37.5875716
975,BE_IW10-0979,장소/위치|종로여행|박물관투어|혜화동 박물관,한무숙문학관,서울시 종로구 명륜1가 33-100,서울특별시,종로구,혜화동,126.9985908,37.5877952
976,BE_IW10-0980,장소/위치|종로여행|박물관투어|삼청동 박물관,서울교육박물관,종로구 북촌로 5길 48,서울특별시,종로구,삼청동,126.9832525,37.579777
977,BE_IW10-0981,장소/위치|종로여행|박물관투어|삼청동 박물관,세계장신구 박물관,종로구 북촌로5나길 2,서울특별시,종로구,삼청동,126.9818197,37.5809883
981,BE_IW10-0982,장소/위치|종로여행|박물관투어|삼청동 박물관,북촌생활사박물관,서울시 종로구 삼청동 35-117,서울특별시,종로구,삼청동,126.981996,37.5824258
982,BE_IW10-0983,장소/위치|종로여행|박물관투어|삼청동 박물관,동양문화박물관,서울시 종로구 삼청동 35-35,서울특별시,종로구,삼청동,126.983363,37.5840319
983,BE_IW10-0984,장소/위치|종로여행|박물관투어|삼청동 박물관,국립민속박물관,서울시 종로구 삼청로 37,서울특별시,종로구,청운효자동,126.9792284,37.5789315
984,BE_IW10-0985,장소/위치|종로여행|박물관투어|삼청동 박물관,북촌동양문화박물관,서울시 종로구 삼청동 35-91,서울특별시,종로구,삼청동,126.9835526,37.5838767
988,BE_IW10-0986,장소/위치|종로여행|박물관투어|삼청동 박물관,세계장신구박물관,서울특별시 종로구 화동 75-3,서울특별시,종로구,삼청동,126.9818118,37.5809802
989,BE_IW10-0987,장소/위치|종로여행|박물관투어|삼청동 박물관,국립현대미술관 서울관,서울시 종로구 삼청동 30,서울특별시,종로구,삼청동,126.981863,37.586577
990,BE_IW10-0988,장소/위치|종로여행|박물관투어|삼청동 박물관,부엉이박물관,서울시 종로구 삼청동 27-21,서울특별시,종로구,삼청동,126.982947,37.5870892
994,BE_IW10-0989,북촌|북촌문화센터,북촌문화센터,서울특별시 종로구 계동길 37,서울특별시,종로구,가회동,126.9862703,37.5790851
995,BE_IW10-0990,대학로 안내센터|종은공연안내센터,좋은공연안내센터,서울 종로구 대학로 104,서울특별시,종로구,이화동,127.0025153,37.580334
996,BE_IW10-0991,대학로 안내센터|서울연극센터,서울연극센터,서울특별시 종로구 명륜4가 1,서울특별시,종로구,혜화동,127.0013295,37.5834282
998,BE_IW10-0992,대학로 안내센터|대학로티켓닷컴,대학로티켓닷컴,서울특별시 종로구 동숭길 55 대학빌딩,서울특별시,종로구,이화동,127.0041553,37.5807613
999,BE_IW10-0993,장소/위치|종로여행|박물관투어|가회동 박물관,한상수자수박물관,서울특별시 종로구 가회동 11-32,서울특별시,종로구,가회동,126.9856578,37.5827349
1001,BE_IW10-0994,장소/위치|종로여행|박물관투어|가회동 박물관,가회민화박물관,서울특별시 종로구 북촌로12길 17,서울특별시,종로구,가회동,126.985625,37.5821333
1002,BE_IW10-0995,장소/위치|종로여행|박물관투어|가회동 박물관,동림매듭박물관,서울특별시 종로구 북촌로12길 10,서울특별시,종로구,가회동,126.9856168,37.5818022
1003,BE_IW10-0996,장소/위치|종로여행|박물관투어|가회동 박물관,아라리오뮤지엄 인 스페이스,서울특별시 종로구 율곡로 83,서울특별시,종로구,가회동,126.9883535,37.5778587
1004,BE_IW10-0997,장소/위치|종로여행|박물관투어|가회동 박물관,고희동가옥,서울특별시 종로구 원서동 16,서울특별시,종로구,가회동,126.9889494,37.5831289
1005,BE_IW10-0998,장소/위치|종로여행|박물관투어|가회동 박물관,북촌박물관,서울특별시 종로구 북촌로7길 4,서울특별시,종로구,가회동,126.9846114,37.5800058
1006,BE_IW10-0999,장소/위치|종로여행|박물관투어|가회동 박물관,한국미술박물관,종로구 창덕궁길 73,서울특별시,종로구,가회동,126.988909,37.5808302
1007,BE_IW10-1000,장소/위치|종로여행|박물관투어|가회동 박물관,명인박물관,서울특별시 종로구 가회동 208-7,서울특별시,종로구,가회동,126.985201,37.5801787
1008,BE_IW10-1001,대학로 명소|마로니에공원,마로니에공원,서울특별시 종로구 동숭동 1-124,서울특별시,종로구,이화동,127.0027269,37.5805221
1011,BE_IW10-1002,대학로 명소|낙산공원,낙산공원,서울특별시 종로구 낙산길 54,서울특별시,종로구,이화동,127.0072752,37.5804538
1012,BE_IW10-1003,대학로 명소|이화동 벽화마을,이화동 벽화마을,이화동,서울특별시,종로구,이화동,127.004338,37.577008
1013,BE_IW10-0957,장소/위치|시설|민간시설|종로문화원,종로문화원,서울특별시 종로구 중학동 24,서울특별시,종로구,종로1.2.3.4가동,126.9803164,37.5760934
1014,BE_IW10-0958,장소/위치|시설|민간시설|세종문화회관,세종문화회관, 서울시 종로구 세종로 81-3,서울특별시,종로구,사직동,126.9760754,37.5722306
1015,BE_IW10-1004,대학로 박물관 / 갤러리|대학로 박물관,쇳대박물관,종로구 이화장길 100,서울특별시,종로구,이화동,127.0046257,37.5798114
1016,BE_IW10-1005,대학로 박물관 / 갤러리|대학로 박물관,짚풀생활사박물관,종로구 성균관로4길 45,서울특별시,종로구,혜화동,126.9998609,37.584911
